application_id,applicant_name,phone,email,pan,issue_d,loan_amnt,annual_inc,dti,delinq_2yrs,inq_last_6mths,open_acc,total_acc,pub_rec,pub_rec_bankruptcies,revol_bal,revol_util,mths_since_last_delinq,mths_since_last_record,mths_since_last_major_derog,collections_12_mths_ex_med,acc_now_delinq,mort_acc,bc_util,bc_open_to_buy,avg_cur_bal,tot_cur_bal,tot_hi_cred_lim,total_bc_limit,total_rev_hi_lim,acc_open_past_24mths,num_tl_90g_dpd_24m,num_accts_ever_120_pd,pct_tl_nvr_dlq,percent_bc_gt_75,mo_sin_old_rev_tl_op,mo_sin_rcnt_tl,mths_since_recent_inq,tax_liens,chargeoff_within_12_mths,delinq_amnt,num_actv_rev_tl,term_months,emp_length_years,credit_history_years,loan_to_income,revol_bal_to_income,purpose,home_ownership,verification_status,term,emp_length,desc,emp_title,title,target
APP-201512-774947,Aryan Maharaj,+91 6026855092,aryan.maharaj5@example.com,LURPR5986X,2015-12-01,15600,250000.0,9.23,2.0,0.0,10.0,12.0,0.0,0.0,11650,35.2,8.0,,,0.0,0.0,0.0,34.3,19509.0,7820.0,78202.0,121290.0,29700.0,33100.0,2.0,0.0,0.0,75.0,50.0,384.0,9.0,9.0,0.0,0.0,0.0,5.0,36.0,6.0,32.1,0.0624,0.0466,debt_consolidation,RENT,Source Verified, 36 months,6 years,,Sales person,Debt consolidation,0
APP-201510-685393,Udant Dewan,+91 8262950628,udant.dewan48@example.com,XLXPO8742H,2015-10-01,35000,176000.0,14.72,0.0,0.0,14.0,21.0,0.0,0.0,111487,45.4,,,,0.0,0.0,3.0,47.4,72562.0,31557.0,441791.0,587231.0,138000.0,194100.0,2.0,0.0,0.0,100.0,44.4,276.0,19.0,19.0,0.0,0.0,0.0,7.0,36.0,,23.0,0.1989,0.6334,debt_consolidation,MORTGAGE,Verified, 36 months,,,,Debt consolidation,0
APP-201510-696434,Gagan Sami,+91 7149827706,gagan.sami75@example.com,VHUPP6202I,2015-10-01,5000,65000.0,14.11,0.0,1.0,11.0,45.0,0.0,0.0,1728,8.4,31.0,,31.0,0.0,0.0,4.0,59.8,1005.0,16189.0,178078.0,214403.0,2500.0,20600.0,19.0,0.0,3.0,86.4,0.0,183.0,1.0,1.0,0.0,0.0,0.0,2.0,36.0,10.0,15.3,0.0769,0.0266,home_improvement,MORTGAGE,Source Verified, 36 months,10+ years,,Supervisor,Home improvement,0
APP-201510-681057,Ayushman Chander,+91 6726600539,ayushman.chander71@example.com,IXCPE2670N,2015-10-01,3500,131000.0,11.3,0.0,2.0,16.0,22.0,0.0,0.0,9333,82.6,27.0,,66.0,0.0,0.0,3.0,96.2,287.0,31080.0,435123.0,474340.0,7500.0,11300.0,6.0,0.0,2.0,86.4,100.0,231.0,1.0,1.0,0.0,0.0,0.0,7.0,36.0,10.0,31.1,0.0267,0.0712,other,MORTGAGE,Source Verified, 36 months,10+ years,,Logistics Mgr,Other,1
APP-201510-689246,Viraj Tiwari,+91 6634036506,viraj.tiwari19@example.com,IMBPN3790Y,2015-10-01,9600,90000.0,19.63,4.0,1.0,20.0,46.0,1.0,1.0,16147,26.0,8.0,72.0,1.0,0.0,0.0,1.0,24.0,5750.0,2143.0,40731.0,87493.0,34500.0,61300.0,16.0,3.0,0.0,72.0,50.0,344.0,2.0,3.0,0.0,0.0,0.0,17.0,36.0,5.0,28.7,0.1067,0.1794,credit_card,MORTGAGE,Source Verified, 36 months,5 years,,Counselor,Credit card refinancing,1
APP-201512-744151,Rushil Saini,+91 9034126396,rushil.saini56@example.com,OMYPJ7894X,2015-12-01,12775,57000.0,34.4,0.0,1.0,11.0,20.0,1.0,0.0,22105,82.8,,96.0,,0.0,0.0,2.0,94.5,1263.0,17656.0,194211.0,217031.0,23000.0,26700.0,3.0,0.0,0.0,100.0,100.0,95.0,14.0,0.0,1.0,0.0,0.0,6.0,60.0,10.0,11.3,0.2241,0.3878,debt_consolidation,MORTGAGE,Verified, 60 months,10+ years,,911 dispatcher,Debt consolidation,1
APP-201508-617672,Saumya Mall,+91 6100604502,saumya.mall17@example.com,TUXPP2403V,2015-08-01,35000,115000.0,10.38,0.0,0.0,18.0,70.0,1.0,1.0,13401,63.2,55.0,57.0,55.0,0.0,0.0,6.0,78.6,2439.0,8857.0,159425.0,173635.0,11400.0,21200.0,6.0,0.0,2.0,83.6,60.0,178.0,9.0,9.0,0.0,0.0,0.0,6.0,36.0,4.0,14.9,0.3043,0.1165,debt_consolidation,RENT,Source Verified, 36 months,4 years,,Sr. Specialist Account Management,Debt consolidation,0
APP-201507-573113,Nathaniel Sami,+91 7249817734,nathaniel.sami6@example.com,USVPE9595V,2015-07-01,16000,60000.0,27.18,0.0,3.0,10.0,27.0,0.0,0.0,13782,78.0,,,,0.0,0.0,1.0,94.0,3433.0,29346.0,293461.0,306873.0,10300.0,17750.0,5.0,0.0,0.0,100.0,100.0,190.0,2.0,1.0,0.0,0.0,0.0,7.0,36.0,10.0,15.8,0.2667,0.2297,debt_consolidation,MORTGAGE,Verified, 36 months,10+ years,,Machinest,Debt consolidation,1
APP-201510-683657,Arunima Dugal,+91 6602632297,arunima.dugal40@example.com,AQDPO1234K,2015-10-01,28000,123500.0,13.48,0.0,1.0,19.0,39.0,0.0,0.0,211,0.5,54.0,,,0.0,0.0,4.0,0.0,11100.0,24532.0,466117.0,536273.0,11100.0,39100.0,9.0,0.0,0.0,97.4,0.0,136.0,10.0,2.0,0.0,0.0,0.0,1.0,60.0,7.0,13.2,0.2267,0.0017,other,MORTGAGE,Source Verified, 60 months,7 years,,Product manager,Other,1
APP-201512-752492,Gayathri Chaudry,+91 7768820204,gayathri.chaudry47@example.com,TJTPN2005L,2015-12-01,12000,60000.0,23.94,0.0,3.0,35.0,66.0,0.0,0.0,12148,23.1,34.0,,38.0,1.0,0.0,0.0,38.2,17864.0,579.0,17963.0,62600.0,28900.0,52600.0,20.0,0.0,1.0,97.0,14.3,192.0,1.0,1.0,0.0,0.0,0.0,12.0,36.0,4.0,26.8,0.2,0.2025,debt_consolidation,OWN,Verified, 36 months,4 years,,Coach Driver,Debt consolidation,0
APP-201510-696518,Lajita Chatterjee,+91 9236696312,lajita.chatterjee6@example.com,FBYPB7910E,2015-10-01,24000,170000.0,1.82,0.0,1.0,4.0,13.0,0.0,0.0,18726,61.8,,,,0.0,0.0,0.0,61.8,11574.0,4682.0,18726.0,30300.0,30300.0,30300.0,4.0,0.0,0.0,100.0,50.0,192.0,4.0,4.0,0.0,0.0,0.0,4.0,36.0,0.0,16.1,0.1412,0.1102,debt_consolidation,RENT,Source Verified, 36 months,< 1 year,,Information Architect,Debt consolidation,0
APP-201509-654338,Hemangini Lalla,+91 9632719211,hemangini.lalla46@example.com,GMCPG4236X,2015-09-01,15150,80000.0,18.14,2.0,0.0,11.0,24.0,0.0,0.0,9019,56.4,16.0,,80.0,0.0,0.0,1.0,62.3,4187.0,4280.0,47076.0,63538.0,11100.0,16000.0,3.0,0.0,1.0,87.5,60.0,164.0,6.0,14.0,0.0,0.0,0.0,8.0,36.0,10.0,13.7,0.1894,0.1127,debt_consolidation,MORTGAGE,Source Verified, 36 months,10+ years,,Service Tech,Debt consolidation,1
APP-201509-660896,Tripti Yadav,+91 8869119330,tripti.yadav27@example.com,SUEPJ1036M,2015-09-01,24000,59500.0,35.46,0.0,1.0,8.0,33.0,0.0,0.0,2515,18.6,24.0,,24.0,0.0,0.0,1.0,11.7,2649.0,18835.0,150676.0,165262.0,3000.0,13500.0,6.0,0.0,0.0,93.1,0.0,167.0,1.0,0.0,0.0,0.0,0.0,5.0,36.0,7.0,14.0,0.4034,0.0423,home_improvement,MORTGAGE,Source Verified, 36 months,7 years,,Detention Officer,Home improvement,1
APP-201512-755530,Kritika Brar,+91 6814763202,kritika.brar88@example.com,KSBPW8263V,2015-12-01,21000,73000.0,28.4,0.0,0.0,14.0,21.0,0.0,0.0,14697,58.8,34.0,,,0.0,0.0,0.0,81.9,1775.0,2545.0,35623.0,68277.0,9800.0,25000.0,4.0,0.0,0.0,95.2,40.0,267.0,8.0,,0.0,0.0,0.0,10.0,60.0,10.0,22.2,0.2877,0.2013,debt_consolidation,OWN,Source Verified, 60 months,10+ years,,Service Supervisor,Debt consolidation,0
APP-201511-739423,Janaki Handa,+91 7749621470,janaki.handa32@example.com,PDZPZ0560U,2015-11-01,15000,106050.0,17.52,1.0,2.0,15.0,41.0,1.0,1.0,10629,46.0,38.0,66.0,11.0,1.0,0.0,4.0,57.0,1993.0,3919.0,58799.0,74498.0,13950.0,23250.0,9.0,1.0,1.0,78.0,14.3,328.0,0.0,3.0,0.0,0.0,0.0,13.0,36.0,10.0,27.3,0.1414,0.1002,debt_consolidation,RENT,Verified, 36 months,10+ years,,Vice President,Debt consolidation,1
APP-201510-685567,Chakradev Kari,+91 9365341213,chakradev.kari86@example.com,IWVPD4384E,2015-10-01,3600,44848.41,35.48,0.0,1.0,10.0,13.0,0.0,0.0,13817,87.4,,,,0.0,0.0,0.0,92.4,1104.0,4501.0,45006.0,68111.0,14500.0,15800.0,6.0,0.0,0.0,100.0,100.0,96.0,4.0,4.0,0.0,0.0,0.0,4.0,36.0,2.0,11.1,0.0803,0.3081,credit_card,RENT,Verified, 36 months,2 years,,Intervention Specialist,Credit card refinancing,1
APP-201511-712923,Fariq Kaul,+91 8166944844,fariq.kaul14@example.com,LTZPI6974X,2015-11-01,10325,97000.0,3.88,0.0,0.0,6.0,12.0,0.0,0.0,580,8.8,67.0,,67.0,0.0,0.0,1.0,13.5,3720.0,6288.0,37729.0,103585.0,4300.0,6600.0,0.0,0.0,1.0,83.3,0.0,214.0,32.0,9.0,0.0,0.0,0.0,2.0,36.0,10.0,17.9,0.1064,0.006,other,MORTGAGE,Verified, 36 months,10+ years,,Conductot,Other,0
APP-201507-601526,Lajita Mall,+91 7819795579,lajita.mall46@example.com,PIGPC2475V,2015-07-01,33600,83000.0,10.9,0.0,2.0,10.0,27.0,0.0,0.0,20834,75.2,25.0,,25.0,0.0,0.0,4.0,77.4,5707.0,40720.0,407196.0,468035.0,25200.0,27700.0,3.0,0.0,1.0,81.5,66.7,493.0,4.0,0.0,0.0,0.0,0.0,7.0,60.0,10.0,41.2,0.4048,0.251,debt_consolidation,MORTGAGE,Verified, 60 months,10+ years,,"Senior Manager, Process Support",Debt consolidation,1
APP-201508-628622,Janya Gaba,+91 8109747451,janya.gaba72@example.com,JAWPF4322T,2015-08-01,17000,55000.0,23.74,0.0,1.0,24.0,40.0,0.0,0.0,7643,12.8,56.0,,,0.0,0.0,0.0,13.4,47347.0,2311.0,53147.0,112054.0,54700.0,59700.0,8.0,0.0,0.0,97.1,0.0,160.0,5.0,6.0,0.0,0.0,0.0,8.0,36.0,3.0,13.3,0.3091,0.139,debt_consolidation,MORTGAGE,Not Verified, 36 months,3 years,,PC Support,Debt consolidation,0
APP-201512-744625,Isha Kadakia,+91 6407943839,isha.kadakia53@example.com,SHAPG0747W,2015-12-01,25200,145000.0,10.99,0.0,0.0,11.0,15.0,0.0,0.0,22602,93.4,,,,0.0,0.0,2.0,96.4,780.0,21489.0,236374.0,250520.0,21900.0,24200.0,4.0,0.0,0.0,100.0,100.0,140.0,6.0,9.0,0.0,0.0,0.0,7.0,36.0,10.0,11.7,0.1738,0.1559,credit_card,MORTGAGE,Source Verified, 36 months,10+ years,,senior sales engineer,Credit card refinancing,0
APP-201508-640934,Ekbal Garg,+91 6385451171,ekbal.garg80@example.com,MSLPA0263S,2015-08-01,20000,66000.0,25.67,0.0,0.0,18.0,40.0,0.0,0.0,27769,49.8,,,,0.0,0.0,1.0,40.3,12951.0,13440.0,228478.0,282238.0,21700.0,55800.0,10.0,0.0,0.0,100.0,0.0,135.0,7.0,7.0,0.0,0.0,0.0,9.0,60.0,3.0,17.0,0.303,0.4207,credit_card,MORTGAGE,Not Verified, 60 months,3 years,,Cake Decorator,Credit card refinancing,1
APP-201509-656840,Nihal Shere,+91 8648245888,nihal.shere96@example.com,JOIPX5343H,2015-09-01,7000,55000.0,26.31,0.0,0.0,5.0,11.0,0.0,0.0,2171,27.5,32.0,,,0.0,0.0,0.0,27.5,5729.0,9167.0,45837.0,66625.0,7900.0,7900.0,3.0,0.0,0.0,100.0,0.0,127.0,8.0,1.0,0.0,0.0,0.0,3.0,36.0,10.0,10.7,0.1273,0.0395,home_improvement,OWN,Source Verified, 36 months,10+ years,,cna,Home improvement,0
APP-201508-636856,Anamika Kanda,+91 8866647391,anamika.kanda20@example.com,DFDPR9617I,2015-08-01,10000,48000.0,13.38,0.0,0.0,6.0,29.0,1.0,1.0,4899,63.0,,75.0,71.0,0.0,0.0,0.0,98.0,2800.0,1264.0,7587.0,13331.0,2800.0,7800.0,5.0,0.0,0.0,79.0,100.0,220.0,14.0,25.0,0.0,0.0,0.0,5.0,36.0,6.0,18.3,0.2083,0.1021,major_purchase,RENT,Not Verified, 36 months,6 years,,packaging,Major purchase,1
APP-201511-728446,Daksh Karnik,+91 6783543540,daksh.karnik31@example.com,SZNPJ9823J,2015-11-01,16000,60000.0,31.28,1.0,0.0,8.0,26.0,0.0,0.0,4303,47.3,23.0,,,0.0,0.0,0.0,50.6,4197.0,6191.0,49526.0,75710.0,8500.0,9100.0,2.0,0.0,0.0,96.2,0.0,223.0,12.0,12.0,0.0,0.0,0.0,1.0,60.0,3.0,22.8,0.2667,0.0717,small_business,RENT,Not Verified, 60 months,3 years,,Teacher,Business,0
APP-201507-608299,Diya Rattan,+91 9575770529,diya.rattan21@example.com,ANHPB5618P,2015-07-01,30000,95922.0,14.1,1.0,0.0,12.0,34.0,0.0,0.0,28213,41.2,10.0,,,0.0,0.0,3.0,59.1,13339.0,3028.0,36331.0,80000.0,38500.0,59500.0,2.0,0.0,0.0,97.1,50.0,179.0,13.0,,0.0,0.0,0.0,7.0,60.0,10.0,15.0,0.3128,0.2941,debt_consolidation,RENT,Verified, 60 months,10+ years,,Air Traffic Control Specialist,Debt consolidation,0
APP-201507-594440,Dominic Kakar,+91 6990307112,dominic.kakar23@example.com,CAHPP4109P,2015-07-01,28000,99248.91,25.38,0.0,1.0,12.0,35.0,0.0,0.0,36769,75.7,33.0,,33.0,0.0,0.0,4.0,77.4,9564.0,43035.0,430347.0,473795.0,42400.0,48600.0,4.0,0.0,3.0,94.1,40.0,188.0,3.0,3.0,0.0,0.0,0.0,7.0,60.0,8.0,15.7,0.2821,0.3705,debt_consolidation,MORTGAGE,Source Verified, 60 months,8 years,,Sr. Project Controls Specialist,Debt consolidation,0
APP-201511-736744,Simon Tata,+91 9084611066,simon.tata53@example.com,CBMPS6015J,2015-11-01,30000,128000.0,21.98,0.0,0.0,6.0,11.0,0.0,0.0,20805,83.2,,,,0.0,0.0,0.0,93.2,1452.0,11929.0,71576.0,106090.0,21400.0,25000.0,1.0,0.0,0.0,100.0,50.0,218.0,18.0,,0.0,0.0,0.0,4.0,36.0,10.0,18.2,0.2344,0.1625,credit_card,OWN,Verified, 36 months,10+ years,,esIV,Credit card refinancing,0
APP-201512-746205,Tara Dhar,+91 8890566476,tara.dhar4@example.com,CGOPN6725O,2015-12-01,13000,80000.0,27.95,0.0,2.0,14.0,52.0,1.0,1.0,11139,26.7,28.0,61.0,,0.0,0.0,0.0,21.5,23621.0,12709.0,177927.0,180512.0,30100.0,41700.0,8.0,0.0,0.0,97.6,14.3,147.0,2.0,2.0,0.0,0.0,0.0,7.0,36.0,3.0,12.2,0.1625,0.1392,debt_consolidation,RENT,Source Verified, 36 months,3 years,,Respiratory Therapist,Debt consolidation,0
APP-201510-701259,Liam Koshy,+91 8619927151,liam.koshy23@example.com,XHPPN3667Y,2015-10-01,13625,30997.0,38.17,0.0,0.0,6.0,8.0,0.0,0.0,14887,98.6,,,,0.0,0.0,0.0,98.6,213.0,3949.0,23691.0,40835.0,15100.0,15100.0,3.0,0.0,0.0,100.0,100.0,325.0,8.0,8.0,0.0,0.0,0.0,4.0,60.0,2.0,27.2,0.4396,0.4803,debt_consolidation,RENT,Verified, 60 months,2 years,,Night Audit Supervisor,Debt consolidation,1
APP-201507-581712,Priya Rastogi,+91 7756528252,priya.rastogi95@example.com,FFRPF2514W,2015-07-01,5550,13230.0,22.5,0.0,0.0,9.0,11.0,0.0,0.0,5807,38.0,25.0,,,0.0,0.0,0.0,92.0,351.0,998.0,7982.0,18800.0,4400.0,15300.0,0.0,0.0,0.0,90.9,66.7,80.0,25.0,,0.0,0.0,0.0,5.0,36.0,1.0,7.7,0.4195,0.4389,debt_consolidation,RENT,Source Verified, 36 months,1 year,,cashier,Debt consolidation,1
APP-201507-607192,Theodore Devi,+91 6049203558,theodore.devi43@example.com,PHGPW2802I,2015-07-01,20000,63000.0,21.94,1.0,0.0,10.0,27.0,0.0,0.0,16837,53.8,9.0,,,0.0,0.0,1.0,35.4,4068.0,23276.0,209481.0,237856.0,6300.0,31300.0,6.0,0.0,0.0,100.0,33.3,102.0,10.0,18.0,0.0,0.0,0.0,3.0,36.0,9.0,8.6,0.3175,0.2673,debt_consolidation,MORTGAGE,Source Verified, 36 months,9 years,,E-6,Debt consolidation,0
APP-201512-759099,Gavin Batta,+91 7830075810,gavin.batta53@example.com,UQRPG4569E,2015-12-01,25000,82131.0,25.47,0.0,1.0,20.0,33.0,0.0,0.0,22722,48.0,,,,0.0,0.0,0.0,49.1,23051.0,5005.0,95104.0,131486.0,45300.0,47300.0,8.0,0.0,0.0,100.0,30.0,127.0,3.0,3.0,0.0,0.0,0.0,6.0,60.0,0.0,10.6,0.3044,0.2767,debt_consolidation,MORTGAGE,Source Verified, 60 months,< 1 year,,Respiratory Therapist,Debt consolidation,0
APP-201509-650269,Michael Dutta,+91 8085675980,michael.dutta86@example.com,BEHPX8944J,2015-09-01,6500,66500.0,17.0,0.0,1.0,10.0,13.0,0.0,0.0,5514,83.5,,,,0.0,0.0,1.0,92.6,432.0,13980.0,139797.0,146699.0,5800.0,6600.0,6.0,0.0,0.0,100.0,100.0,22.0,5.0,5.0,0.0,0.0,0.0,4.0,36.0,3.0,12.0,0.0977,0.0829,credit_card,MORTGAGE,Source Verified, 36 months,3 years,,Technolofy Administrator,Credit card refinancing,0
APP-201507-605971,Devansh Rajan,+91 7930379756,devansh.rajan95@example.com,SYNPP4587T,2015-07-01,2100,30000.0,22.24,0.0,1.0,8.0,36.0,1.0,1.0,1424,9.2,63.0,63.0,63.0,0.0,0.0,2.0,11.9,9341.0,2803.0,22425.0,39961.0,10600.0,15400.0,5.0,0.0,0.0,96.4,0.0,392.0,10.0,6.0,0.0,0.0,0.0,4.0,36.0,,32.7,0.07,0.0475,credit_card,MORTGAGE,Verified, 36 months,,,,Credit card refinancing,0
APP-201512-744738,Upadhriti Wadhwa,+91 6408157429,upadhriti.wadhwa32@example.com,GCZPS5078S,2015-12-01,24000,110000.0,29.21,5.0,0.0,10.0,33.0,0.0,0.0,7851,77.0,8.0,,53.0,0.0,0.0,5.0,77.0,2349.0,30637.0,306372.0,355827.0,10200.0,10200.0,7.0,0.0,1.0,75.8,50.0,144.0,4.0,0.0,0.0,0.0,0.0,2.0,60.0,1.0,12.0,0.2182,0.0714,credit_card,MORTGAGE,Source Verified, 60 months,1 year,,Account Manager,Credit card refinancing,1
APP-201507-603665,Advay Contractor,+91 8486845604,advay.contractor35@example.com,BTMPU4294P,2015-07-01,20000,120000.0,21.61,0.0,2.0,8.0,26.0,0.0,0.0,38924,104.1,82.0,,82.0,0.0,0.0,0.0,114.8,0.0,7845.0,62760.0,70400.0,33900.0,37400.0,5.0,0.0,0.0,92.3,100.0,114.0,1.0,1.0,0.0,0.0,0.0,4.0,60.0,10.0,19.4,0.1667,0.3244,debt_consolidation,MORTGAGE,Source Verified, 60 months,10+ years,,Research Administration,Debt consolidation,1
APP-201512-770358,Harini Choudhury,+91 8174648506,harini.choudhury21@example.com,ZMKPK6836J,2015-12-01,16550,60000.0,28.78,0.0,3.0,16.0,23.0,0.0,0.0,11377,36.8,41.0,,76.0,0.0,0.0,1.0,76.8,1856.0,18566.0,297058.0,335565.0,8000.0,30900.0,3.0,0.0,0.0,87.0,50.0,296.0,1.0,1.0,0.0,0.0,0.0,6.0,60.0,10.0,24.7,0.2758,0.1896,debt_consolidation,MORTGAGE,Source Verified, 60 months,10+ years,,President,Debt consolidation,1
APP-201507-592492,Radhika Dugar,+91 8381469012,radhika.dugar90@example.com,RKTPB4339M,2015-07-01,6600,65000.0,4.78,1.0,0.0,12.0,23.0,0.0,0.0,6085,32.9,11.0,,,0.0,0.0,1.0,37.1,8486.0,34781.0,417368.0,452247.0,13500.0,18500.0,7.0,0.0,0.0,91.3,50.0,149.0,5.0,3.0,0.0,0.0,0.0,8.0,36.0,5.0,12.5,0.1015,0.0936,debt_consolidation,MORTGAGE,Verified, 36 months,5 years,,accounts payable,Debt consolidation,1
APP-201511-732857,Aarush Lall,+91 7719595113,aarush.lall14@example.com,WVAPR4056P,2015-11-01,25000,60000.0,9.8,1.0,0.0,13.0,18.0,0.0,0.0,14747,27.8,22.0,,22.0,0.0,0.0,2.0,31.0,32338.0,15782.0,173607.0,218493.0,46900.0,53000.0,0.0,1.0,0.0,88.9,0.0,452.0,26.0,15.0,0.0,0.0,0.0,5.0,60.0,,37.7,0.4167,0.2458,debt_consolidation,OWN,Not Verified, 60 months,,,,Debt consolidation,1
APP-201509-662062,Yashica Cherian,+91 8753573823,yashica.cherian49@example.com,QTFPR1284A,2015-09-01,35000,92000.0,25.01,2.0,0.0,13.0,21.0,0.0,0.0,23116,41.2,0.0,,,0.0,2.0,2.0,57.8,14949.0,13638.0,163654.0,238412.0,35400.0,56200.0,2.0,0.0,0.0,90.0,25.0,193.0,10.0,5.0,0.0,0.0,97.0,5.0,60.0,10.0,16.2,0.3804,0.2513,debt_consolidation,MORTGAGE,Source Verified, 60 months,10+ years,,Manager,Debt consolidation,0
APP-201511-742728,Yashica Issac,+91 6654049436,yashica.issac5@example.com,ZPGPF3042D,2015-11-01,5000,80000.0,19.05,3.0,0.0,9.0,31.0,0.0,0.0,18353,74.0,8.0,,,0.0,0.0,3.0,99.0,109.0,23347.0,210124.0,248495.0,10500.0,24800.0,3.0,0.0,0.0,90.3,100.0,406.0,7.0,7.0,0.0,0.0,0.0,6.0,36.0,5.0,33.8,0.0625,0.2294,other,MORTGAGE,Source Verified, 36 months,5 years,,delivery driver,Other,0
APP-201510-699937,Kashvi Edwin,+91 7573528321,kashvi.edwin61@example.com,LDVPP9274P,2015-10-01,20000,48000.0,23.65,0.0,0.0,10.0,13.0,0.0,0.0,16397,61.9,,,,0.0,0.0,0.0,64.4,8015.0,3632.0,36322.0,49749.0,22500.0,26500.0,2.0,0.0,0.0,100.0,42.9,457.0,10.0,13.0,0.0,0.0,0.0,9.0,36.0,1.0,38.2,0.4167,0.3416,credit_card,OWN,Not Verified, 36 months,1 year,,Yard foreman,Credit card refinancing,1
APP-201511-724832,Ekiya Suresh,+91 7175452091,ekiya.suresh29@example.com,ZGOPM1571C,2015-11-01,3500,35000.0,16.43,0.0,1.0,7.0,15.0,1.0,1.0,1357,16.0,,72.0,,0.0,0.0,1.0,10.6,4468.0,2654.0,18575.0,27374.0,5000.0,8500.0,7.0,0.0,0.0,100.0,0.0,147.0,3.0,1.0,0.0,0.0,0.0,4.0,36.0,0.0,12.5,0.1,0.0388,credit_card,RENT,Source Verified, 36 months,< 1 year,,Customer service,Credit card refinancing,0
APP-201508-641513,Isaac Patil,+91 9407437181,isaac.patil26@example.com,HUKPZ5822S,2015-08-01,8400,40000.0,28.38,0.0,0.0,15.0,33.0,0.0,0.0,8005,61.6,,,,0.0,0.0,1.0,68.2,3182.0,5446.0,76248.0,85882.0,10000.0,13000.0,1.0,0.0,0.0,100.0,50.0,98.0,17.0,11.0,0.0,0.0,0.0,3.0,36.0,0.0,10.0,0.21,0.2001,credit_card,RENT,Not Verified, 36 months,< 1 year,,Behavioral Health Therapist,Credit card refinancing,0
APP-201507-594129,Wriddhish Bhardwaj,+91 8993631208,wriddhish.bhardwaj59@example.com,PRWPO5355O,2015-07-01,19675,45000.0,28.83,0.0,0.0,11.0,28.0,0.0,0.0,19355,64.1,,,,0.0,0.0,6.0,98.2,118.0,23595.0,259541.0,281017.0,6500.0,30200.0,8.0,0.0,0.0,100.0,100.0,289.0,5.0,7.0,0.0,0.0,0.0,7.0,60.0,10.0,24.2,0.4372,0.4301,credit_card,MORTGAGE,Source Verified, 60 months,10+ years,,SMSR,Credit card refinancing,1
APP-201509-651056,Farhan Chada,+91 7735098955,farhan.chada45@example.com,YWZPH5270X,2015-09-01,10800,30000.0,27.16,1.0,2.0,10.0,29.0,0.0,0.0,0,0.0,14.0,,,0.0,0.0,0.0,0.0,14000.0,25300.0,252996.0,182485.0,14000.0,15400.0,4.0,0.0,0.0,96.3,0.0,122.0,3.0,1.0,0.0,0.0,0.0,0.0,36.0,10.0,22.7,0.36,0.0,debt_consolidation,RENT,Verified, 36 months,10+ years,,cashier,Debt consolidation,1
APP-201509-648020,Ekapad Walia,+91 8905005353,ekapad.walia40@example.com,MXJPV7619E,2015-09-01,10450,48000.0,31.5,0.0,0.0,13.0,30.0,0.0,0.0,12095,83.4,52.0,,,0.0,0.0,5.0,86.2,1448.0,5111.0,61333.0,74588.0,10500.0,14500.0,4.0,0.0,0.0,86.7,66.7,301.0,11.0,14.0,0.0,0.0,0.0,6.0,60.0,10.0,25.1,0.2177,0.252,debt_consolidation,MORTGAGE,Source Verified, 60 months,10+ years,,bookkeeper,Debt consolidation,0
APP-201512-748319,Kabir Soman,+91 6245938494,kabir.soman30@example.com,NPWPO0901U,2015-12-01,31075,107901.0,6.8,0.0,0.0,5.0,23.0,0.0,0.0,15499,70.4,71.0,,71.0,0.0,0.0,3.0,70.4,6501.0,65970.0,329851.0,343769.0,22000.0,22000.0,3.0,0.0,2.0,90.9,66.7,149.0,7.0,17.0,0.0,0.0,0.0,3.0,60.0,6.0,13.0,0.288,0.1436,debt_consolidation,MORTGAGE,Source Verified, 60 months,6 years,,Senior Substation Operator,Debt consolidation,0
APP-201509-661311,Alka Wable,+91 6864411347,alka.wable29@example.com,ZBUPI3668V,2015-09-01,12975,48000.0,28.95,0.0,1.0,12.0,13.0,0.0,0.0,10137,57.9,,,,0.0,0.0,0.0,92.4,396.0,3439.0,41265.0,58646.0,5200.0,17500.0,7.0,0.0,0.0,100.0,75.0,392.0,8.0,3.0,0.0,0.0,0.0,7.0,60.0,3.0,32.8,0.2703,0.2112,debt_consolidation,RENT,Source Verified, 60 months,3 years,,Supervisor,Debt consolidation,1
APP-201507-587277,Siddharth Zacharia,+91 8430747414,siddharth.zacharia4@example.com,WJIPW8456H,2015-07-01,19200,55000.0,21.86,0.0,0.0,11.0,30.0,0.0,0.0,16819,39.5,,,,0.0,0.0,4.0,40.6,20845.0,27374.0,246367.0,283484.0,35100.0,42600.0,5.0,0.0,0.0,100.0,50.0,167.0,6.0,10.0,0.0,0.0,0.0,5.0,36.0,10.0,13.9,0.3491,0.3058,credit_card,MORTGAGE,Not Verified, 36 months,10+ years,,Community Corrections Officer,Credit card refinancing,0
APP-201511-730884,Devika Rastogi,+91 8071069472,devika.rastogi85@example.com,QXZPX0977D,2015-11-01,18000,82000.0,25.55,0.0,1.0,10.0,22.0,0.0,0.0,14576,37.1,,,,0.0,0.0,2.0,20.9,19627.0,3683.0,36829.0,104027.0,24800.0,39300.0,4.0,0.0,0.0,100.0,0.0,39.0,1.0,1.0,0.0,0.0,0.0,5.0,36.0,3.0,11.5,0.2195,0.1778,debt_consolidation,OWN,Not Verified, 36 months,3 years,,Truck driver,Debt consolidation,1
APP-201512-750389,Raksha Varughese,+91 7980472440,raksha.varughese25@example.com,LSXPB3034H,2015-12-01,15000,36500.0,38.21,1.0,0.0,7.0,13.0,0.0,0.0,5305,61.7,23.0,,,0.0,0.0,0.0,62.8,2532.0,5247.0,36730.0,48874.0,6800.0,8600.0,3.0,0.0,0.0,92.3,0.0,375.0,9.0,2.0,0.0,0.0,0.0,5.0,60.0,7.0,31.2,0.411,0.1453,debt_consolidation,RENT,Verified, 60 months,7 years,,Physical Therapist Assistant,Debt consolidation,1
APP-201510-677500,Jai Kota,+91 8228306011,jai.kota52@example.com,NOUPF1636P,2015-10-01,9950,55000.0,7.09,0.0,1.0,9.0,24.0,0.0,0.0,1491,16.6,73.0,,73.0,0.0,0.0,0.0,28.1,3809.0,2564.0,20514.0,29142.0,5300.0,9000.0,6.0,0.0,3.0,87.5,0.0,344.0,4.0,5.0,0.0,0.0,0.0,1.0,36.0,10.0,28.7,0.1809,0.0271,debt_consolidation,RENT,Not Verified, 36 months,10+ years,I would like to consolidate my loan in one small monthly payment w/a low interest rate. All my credit has a very high interest rate. Please advise and let me know if i will be qualified.,Jr Accouintant,Debt consolidation,0
APP-201511-719361,Devansh Nigam,+91 9424806516,devansh.nigam43@example.com,XDLPI4684J,2015-11-01,15000,75000.0,3.22,0.0,1.0,4.0,10.0,0.0,0.0,6146,50.0,,,,0.0,0.0,2.0,51.7,4254.0,1537.0,6146.0,12300.0,8800.0,12300.0,3.0,0.0,0.0,100.0,33.3,112.0,5.0,4.0,0.0,0.0,0.0,4.0,60.0,3.0,10.8,0.2,0.0819,debt_consolidation,MORTGAGE,Source Verified, 60 months,3 years,,GENERAL MANAGER,Debt consolidation,1
APP-201507-605529,Victor Kannan,+91 9153407200,victor.kannan36@example.com,RELPL9296O,2015-07-01,17100,48000.0,22.9,0.0,2.0,11.0,20.0,0.0,0.0,8881,38.1,,,,0.0,0.0,0.0,65.7,4419.0,2695.0,29641.0,52762.0,12900.0,23300.0,6.0,0.0,0.0,100.0,66.7,86.0,3.0,1.0,0.0,0.0,0.0,4.0,36.0,3.0,9.1,0.3562,0.185,debt_consolidation,RENT,Not Verified, 36 months,3 years,,driver,Debt consolidation,1
APP-201512-752154,Ekavir Bhargava,+91 8149926919,ekavir.bhargava9@example.com,VFKPP1332W,2015-12-01,8000,92000.0,21.29,0.0,0.0,5.0,14.0,0.0,0.0,4942,89.9,67.0,,67.0,0.0,0.0,1.0,89.9,558.0,16548.0,82742.0,86691.0,5500.0,5500.0,3.0,0.0,1.0,92.9,100.0,230.0,5.0,9.0,0.0,0.0,0.0,2.0,36.0,10.0,19.2,0.087,0.0537,debt_consolidation,RENT,Not Verified, 36 months,10+ years,,High School Principal,Debt consolidation,0
APP-201510-701940,Ekansh Balay,+91 7799925830,ekansh.balay99@example.com,HZRPI0879T,2015-10-01,25000,75000.0,34.93,0.0,0.0,20.0,38.0,0.0,0.0,29244,40.4,,,,0.0,0.0,1.0,39.7,25932.0,5886.0,117728.0,177393.0,43000.0,72400.0,8.0,0.0,0.0,100.0,10.0,242.0,1.0,1.0,0.0,0.0,0.0,14.0,60.0,10.0,20.3,0.3333,0.3899,debt_consolidation,MORTGAGE,Not Verified, 60 months,10+ years,,Security officer,Debt consolidation,1
APP-201510-678788,Ekavir Varkey,+91 8802099969,ekavir.varkey36@example.com,TVXPY7636T,2015-10-01,9500,60000.0,14.24,0.0,0.0,4.0,7.0,0.0,0.0,15758,80.0,,,,0.0,0.0,0.0,80.0,3942.0,8292.0,33167.0,45101.0,19700.0,19700.0,1.0,0.0,0.0,100.0,66.7,187.0,23.0,15.0,0.0,0.0,0.0,3.0,36.0,3.0,15.6,0.1583,0.2626,debt_consolidation,RENT,Source Verified, 36 months,3 years,,"Director, Enrollment Info Services",Debt consolidation,0
APP-201512-750418,Arya Sunder,+91 9964029981,arya.sunder45@example.com,GTTPV8696J,2015-12-01,8000,125400.0,12.92,0.0,1.0,17.0,36.0,1.0,1.0,10707,53.3,64.0,53.0,64.0,0.0,0.0,1.0,61.8,5840.0,2736.0,46519.0,66474.0,15300.0,20100.0,6.0,0.0,1.0,97.0,22.2,144.0,1.0,4.0,0.0,0.0,0.0,11.0,36.0,10.0,21.2,0.0638,0.0854,credit_card,MORTGAGE,Not Verified, 36 months,10+ years,,INternal Auditor,Credit card refinancing,1
APP-201510-698140,Kevin Solanki,+91 9388690725,kevin.solanki83@example.com,UAJPE0271E,2015-10-01,15000,50000.0,15.24,0.0,0.0,5.0,10.0,0.0,0.0,24678,72.8,,,,0.0,0.0,0.0,66.6,8809.0,6427.0,32137.0,43900.0,26400.0,33900.0,2.0,0.0,0.0,100.0,66.7,139.0,15.0,,0.0,0.0,0.0,4.0,36.0,2.0,11.7,0.3,0.4936,debt_consolidation,RENT,Source Verified, 36 months,2 years,,Software Application Developer,Debt consolidation,0
APP-201508-621268,Urvashi Ray,+91 7148532577,urvashi.ray66@example.com,UWJPQ9828P,2015-08-01,30000,70000.0,20.44,0.0,0.0,17.0,26.0,0.0,0.0,34417,78.9,50.0,,50.0,0.0,0.0,3.0,89.3,1476.0,21447.0,343159.0,362974.0,13800.0,43600.0,5.0,0.0,0.0,96.2,100.0,177.0,6.0,8.0,0.0,0.0,0.0,13.0,36.0,10.0,14.7,0.4286,0.4917,debt_consolidation,MORTGAGE,Source Verified, 36 months,10+ years,,teacher,Debt consolidation,1
APP-201512-761490,Girindra Chatterjee,+91 9097613238,girindra.chatterjee52@example.com,ZHWPZ1919V,2015-12-01,15000,140000.0,19.76,0.0,0.0,11.0,18.0,0.0,0.0,7278,37.6,51.0,,,0.0,0.0,0.0,46.0,5725.0,7282.0,72817.0,113359.0,10600.0,20500.0,4.0,0.0,0.0,88.2,0.0,141.0,2.0,2.0,0.0,0.0,0.0,6.0,36.0,4.0,11.8,0.1071,0.052,debt_consolidation,RENT,Not Verified, 36 months,4 years,,Owner,Debt consolidation,0
APP-201509-652537,Irya Sampath,+91 6924602213,irya.sampath87@example.com,SZZPZ5032D,2015-09-01,26400,88000.0,17.47,0.0,0.0,18.0,42.0,0.0,0.0,16901,40.5,28.0,,28.0,0.0,0.0,5.0,43.1,22299.0,3703.0,59243.0,107814.0,39200.0,41700.0,1.0,0.0,2.0,94.9,16.7,169.0,9.0,,0.0,0.0,0.0,4.0,36.0,2.0,14.1,0.3,0.1921,debt_consolidation,RENT,Not Verified, 36 months,2 years,,Vice President,Debt consolidation,0
APP-201507-586330,Unni Bhagat,+91 6164112119,unni.bhagat69@example.com,LRRPS3636P,2015-07-01,13000,52000.0,29.22,0.0,0.0,14.0,21.0,0.0,0.0,12561,86.6,,,,0.0,0.0,0.0,100.5,0.0,2343.0,28115.0,43305.0,2700.0,14500.0,6.0,0.0,0.0,100.0,100.0,51.0,17.0,17.0,0.0,0.0,0.0,10.0,36.0,3.0,8.5,0.25,0.2416,debt_consolidation,RENT,Source Verified, 36 months,3 years,,Closing Coordinator Supervisor,Debt consolidation,0
APP-201512-776336,Darsh Rau,+91 7850488739,darsh.rau43@example.com,AWOPT2089J,2015-12-01,5000,32000.0,14.52,0.0,1.0,7.0,20.0,0.0,0.0,1789,6.2,,,,0.0,0.0,2.0,9.1,17811.0,10256.0,71789.0,98800.0,19600.0,28800.0,4.0,0.0,0.0,100.0,0.0,182.0,2.0,4.0,0.0,0.0,0.0,2.0,36.0,,15.2,0.1562,0.0559,debt_consolidation,OWN,Source Verified, 36 months,,,,Debt consolidation,0
APP-201510-702135,Ikbal Kothari,+91 9640389325,ikbal.kothari4@example.com,QDBPB3408E,2015-10-01,10000,42000.0,12.97,1.0,0.0,20.0,28.0,0.0,0.0,3416,97.6,16.0,,16.0,0.0,0.0,0.0,97.6,84.0,6534.0,130687.0,111311.0,3500.0,3500.0,2.0,1.0,1.0,92.9,100.0,110.0,12.0,7.0,0.0,0.0,0.0,1.0,60.0,0.0,11.0,0.2381,0.0813,debt_consolidation,RENT,Verified, 60 months,< 1 year,,Assistant Account Executive,Debt consolidation,1
APP-201511-724253,Ranveer Yadav,+91 6413140753,ranveer.yadav15@example.com,KJYPW9471N,2015-11-01,20000,82000.0,23.36,0.0,1.0,16.0,31.0,0.0,0.0,37203,31.2,,,,0.0,0.0,0.0,38.8,57105.0,3443.0,55084.0,150400.0,93300.0,119300.0,7.0,0.0,0.0,100.0,20.0,144.0,4.0,4.0,0.0,0.0,0.0,10.0,36.0,3.0,12.0,0.2439,0.4537,credit_card,MORTGAGE,Not Verified, 36 months,3 years,,banquet,Credit card refinancing,0
APP-201510-680076,Logan Sami,+91 9639830322,logan.sami34@example.com,RVQPI0349L,2015-10-01,16000,50000.0,28.78,1.0,1.0,8.0,13.0,0.0,0.0,25451,43.7,3.0,,,0.0,0.0,1.0,47.8,27849.0,17335.0,138679.0,192100.0,53300.0,58300.0,2.0,0.0,0.0,92.3,60.0,348.0,6.0,6.0,0.0,0.0,0.0,4.0,60.0,10.0,29.0,0.32,0.509,credit_card,MORTGAGE,Not Verified, 60 months,10+ years,,Electronics Tech,Credit card refinancing,1
APP-201509-651132,Arya Shere,+91 9568132202,arya.shere23@example.com,CROPU3311O,2015-09-01,12000,47000.0,25.43,0.0,1.0,21.0,48.0,0.0,0.0,22031,35.4,,,,0.0,0.0,0.0,39.3,33012.0,2408.0,50565.0,101485.0,54400.0,62200.0,8.0,0.0,0.0,100.0,37.5,149.0,10.0,1.0,0.0,0.0,0.0,7.0,36.0,4.0,12.4,0.2553,0.4687,debt_consolidation,RENT,Not Verified, 36 months,4 years,,Case manager,Debt consolidation,0
APP-201509-666691,Faqid Savant,+91 8594021782,faqid.savant75@example.com,CFQPA0397G,2015-09-01,2000,237000.0,15.67,1.0,0.0,15.0,28.0,0.0,0.0,19610,67.6,14.0,,14.0,0.0,0.0,2.0,78.3,1907.0,12488.0,187323.0,204968.0,8800.0,29000.0,13.0,1.0,3.0,82.1,100.0,265.0,3.0,8.0,0.0,0.0,0.0,8.0,36.0,10.0,22.2,0.0084,0.0827,medical,MORTGAGE,Verified, 36 months,10+ years,,financial Advisor,Medical expenses,1
APP-201512-781918,Chandresh Zachariah,+91 6730448745,chandresh.zachariah34@example.com,BTFPG8277T,2015-12-01,4800,38800.0,36.79,0.0,0.0,12.0,26.0,0.0,0.0,25598,85.3,,,,0.0,0.0,0.0,93.1,1902.0,7701.0,92415.0,109644.0,27500.0,30000.0,2.0,0.0,0.0,100.0,83.3,179.0,5.0,12.0,0.0,0.0,0.0,6.0,36.0,0.0,14.9,0.1237,0.6597,moving,RENT,Verified, 36 months,< 1 year,,File Review,Moving and relocation,0
APP-201507-573163,Girik Khalsa,+91 6731980933,girik.khalsa5@example.com,AWDPE5718E,2015-07-01,10000,51000.0,4.92,0.0,1.0,7.0,20.0,0.0,0.0,5351,74.3,,,,0.0,0.0,0.0,69.9,1506.0,16159.0,113114.0,106225.0,5000.0,7200.0,3.0,0.0,0.0,100.0,50.0,95.0,3.0,1.0,0.0,0.0,0.0,3.0,36.0,1.0,7.9,0.1961,0.1049,credit_card,RENT,Source Verified, 36 months,1 year,,Clinical Nurse,Credit card refinancing,1
APP-201512-767271,Niharika Sunder,+91 8825276600,niharika.sunder14@example.com,AUGPK0214D,2015-12-01,6650,75000.0,9.2,0.0,1.0,3.0,6.0,0.0,0.0,497,26.2,61.0,,61.0,1.0,0.0,0.0,26.2,1403.0,9392.0,28176.0,36351.0,1900.0,1900.0,2.0,0.0,1.0,80.0,0.0,93.0,1.0,1.0,0.0,0.0,0.0,2.0,36.0,3.0,19.8,0.0887,0.0066,debt_consolidation,RENT,Source Verified, 36 months,3 years,,route driver,Debt consolidation,1
APP-201511-742012,Tanay Rattan,+91 8119778234,tanay.rattan77@example.com,TMUPQ5426X,2015-11-01,20000,130000.0,10.95,0.0,0.0,6.0,17.0,1.0,1.0,21808,54.9,,95.0,,0.0,0.0,1.0,54.9,17892.0,88885.0,444425.0,477890.0,39700.0,39700.0,0.0,0.0,0.0,100.0,0.0,326.0,30.0,,0.0,0.0,0.0,3.0,36.0,0.0,27.2,0.1538,0.1678,debt_consolidation,MORTGAGE,Source Verified, 36 months,< 1 year,,Operations Director,Debt consolidation,0
APP-201510-709391,Nitesh Raghavan,+91 8466825638,nitesh.raghavan56@example.com,UWNPO6098N,2015-10-01,10000,48000.0,26.25,0.0,0.0,9.0,16.0,0.0,0.0,21567,71.9,,,,0.0,0.0,0.0,89.4,2547.0,3498.0,31484.0,42000.0,24000.0,30000.0,2.0,0.0,0.0,100.0,66.7,156.0,10.0,,0.0,0.0,0.0,7.0,36.0,2.0,13.1,0.2083,0.4493,credit_card,RENT,Verified, 36 months,2 years,,Manager,Credit card refinancing,1
APP-201510-685917,Madhavi Lanka,+91 7487182120,madhavi.lanka45@example.com,RMXPC8311T,2015-10-01,15325,30684.0,15.6,0.0,0.0,5.0,7.0,0.0,0.0,7788,62.8,,,,0.0,0.0,0.0,62.8,4612.0,3052.0,15258.0,22435.0,12400.0,12400.0,3.0,0.0,0.0,100.0,25.0,40.0,2.0,7.0,0.0,0.0,0.0,4.0,36.0,,3.3,0.4994,0.2538,debt_consolidation,RENT,Verified, 36 months,,,,Debt consolidation,1
APP-201507-605672,Bhavika Sampath,+91 6775340444,bhavika.sampath94@example.com,QOIPT5460W,2015-07-01,10000,84000.0,14.11,0.0,0.0,18.0,22.0,0.0,0.0,11848,36.7,,,,0.0,0.0,1.0,43.1,15652.0,22589.0,406606.0,454979.0,27500.0,32300.0,8.0,0.0,0.0,100.0,27.3,83.0,8.0,12.0,0.0,0.0,0.0,5.0,36.0,6.0,6.9,0.119,0.141,credit_card,RENT,Not Verified, 36 months,6 years,,senior manager,Credit card refinancing,0
APP-201511-718663,Mohammed Gupta,+91 8537500247,mohammed.gupta41@example.com,CRWPR7242K,2015-11-01,15000,145701.0,7.2,4.0,3.0,8.0,35.0,0.0,0.0,2239,43.9,11.0,,24.0,0.0,0.0,6.0,74.6,761.0,55493.0,388449.0,474495.0,3000.0,5100.0,3.0,0.0,8.0,54.3,0.0,260.0,0.0,0.0,0.0,0.0,0.0,1.0,36.0,,21.7,0.103,0.0154,home_improvement,OWN,Not Verified, 36 months,,,,Home improvement,1
APP-201508-642909,Teerth Bhardwaj,+91 7545119047,teerth.bhardwaj56@example.com,VKSPK4631P,2015-08-01,14400,85000.0,23.96,0.0,0.0,19.0,56.0,0.0,0.0,27594,63.0,,,,0.0,0.0,2.0,95.0,2700.0,3627.0,68914.0,101010.0,21600.0,43600.0,7.0,0.0,0.0,100.0,75.0,138.0,9.0,10.0,0.0,0.0,0.0,15.0,60.0,10.0,11.8,0.1694,0.3246,debt_consolidation,MORTGAGE,Verified, 60 months,10+ years,,Locomotive Engineer,Debt consolidation,0
APP-201512-763722,Dipta Bhandari,+91 6934712197,dipta.bhandari78@example.com,BVCPD7310R,2015-12-01,20000,72450.0,19.89,2.0,0.0,7.0,18.0,0.0,0.0,6288,72.3,12.0,,53.0,0.0,0.0,1.0,88.3,646.0,8093.0,56652.0,140860.0,5500.0,8700.0,0.0,0.0,1.0,66.7,50.0,177.0,32.0,,0.0,0.0,0.0,4.0,60.0,10.0,14.8,0.2761,0.0868,home_improvement,MORTGAGE,Not Verified, 60 months,10+ years,,craneman,Home improvement,1
APP-201511-734606,Vansha Thakkar,+91 8903735581,vansha.thakkar66@example.com,ORKPV9490J,2015-11-01,6400,50000.0,17.69,0.0,0.0,5.0,26.0,2.0,1.0,6323,82.1,24.0,37.0,,0.0,0.0,0.0,82.1,1377.0,4655.0,23275.0,26700.0,7700.0,7700.0,2.0,0.0,0.0,76.9,66.7,185.0,12.0,3.0,1.0,0.0,0.0,3.0,36.0,6.0,15.4,0.128,0.1265,medical,MORTGAGE,Source Verified, 36 months,6 years,"i recently proposed to my girlfriend of almost 8 yrs now and everything was going well untill our pug (ody) the middle of my three dogs started limping around and stumbling all the time. well come to find out he has a tumor on his spine. not very good news for us as our dogs are pretty much our children. so the reason for my loan request is the money i spent on the engagement ring was most of my savings and then i had to take out paydayloans loans for the mylogram bill, wich is similar to an MRI. $2,700 along with meds, visits etc. well as we all know paydayloans are very high intrest and a pain to try and payback and still stay on top of regular monthly bills. they are taking a toll on me mentally and physically, falling behind on all bills except mortgage. i would use the loan to pay off all payday loans and to catch back up on bills. all was going so well and it now has taken a turn for the worst. if there is any one that can help it would be greatly appreciated, and i would pay the loan back as soon as possible. thank you very much for considering me.",pss2,odymeds,0
APP-201509-659929,Dakshesh Trivedi,+91 7164109919,dakshesh.trivedi15@example.com,PJPPG1483R,2015-09-01,12000,35000.0,10.66,0.0,0.0,4.0,4.0,0.0,0.0,12250,68.8,,,,0.0,0.0,0.0,68.8,5550.0,3063.0,12250.0,17800.0,17800.0,17800.0,1.0,0.0,0.0,100.0,50.0,50.0,18.0,8.0,0.0,0.0,0.0,3.0,36.0,2.0,4.3,0.3429,0.35,debt_consolidation,RENT,Verified, 36 months,2 years,,IT,Debt consolidation,0
APP-201507-573291,Quincy Biswas,+91 8818739736,quincy.biswas50@example.com,JTOPZ4576V,2015-07-01,15000,85000.0,16.21,2.0,0.0,9.0,16.0,0.0,0.0,18527,83.1,4.0,,,0.0,0.0,2.0,86.0,3001.0,19348.0,174131.0,208028.0,21500.0,22300.0,1.0,0.0,1.0,81.2,66.7,313.0,8.0,,0.0,0.0,0.0,7.0,36.0,10.0,26.1,0.1765,0.218,debt_consolidation,MORTGAGE,Not Verified, 36 months,10+ years,,Senior Engineer,Debt consolidation,0
APP-201512-750067,Wahab Raval,+91 7579153816,wahab.raval74@example.com,QAYPW2173K,2015-12-01,9000,48000.0,38.68,0.0,0.0,12.0,20.0,0.0,0.0,14698,67.1,,,,0.0,0.0,0.0,84.0,1763.0,3872.0,42597.0,64677.0,11000.0,21900.0,2.0,0.0,0.0,100.0,100.0,112.0,8.0,8.0,0.0,0.0,0.0,8.0,36.0,10.0,10.4,0.1875,0.3062,credit_card,RENT,Source Verified, 36 months,10+ years,,chef,Credit card refinancing,1
APP-201512-753353,Yatin Baral,+91 6643111853,yatin.baral25@example.com,JEDPV4160X,2015-12-01,15500,35000.0,30.72,1.0,0.0,11.0,23.0,0.0,0.0,19421,53.4,16.0,,32.0,0.0,0.0,2.0,56.6,13615.0,13216.0,145376.0,178175.0,31400.0,36400.0,3.0,0.0,2.0,87.0,0.0,403.0,5.0,,0.0,0.0,0.0,3.0,60.0,10.0,33.6,0.4429,0.5549,debt_consolidation,MORTGAGE,Source Verified, 60 months,10+ years,,Owner,Debt consolidation,1
APP-201512-747188,Oni Virk,+91 8524636385,oni.virk33@example.com,NJLPF3775C,2015-12-01,22900,150000.0,15.12,0.0,0.0,8.0,11.0,0.0,0.0,33569,96.5,,,,0.0,0.0,0.0,97.5,827.0,9463.0,56778.0,69800.0,33600.0,34800.0,1.0,0.0,0.0,100.0,75.0,99.0,16.0,4.0,0.0,0.0,0.0,4.0,60.0,3.0,8.2,0.1527,0.2238,credit_card,MORTGAGE,Verified, 60 months,3 years,,Director Accounting Policy,Credit card refinancing,0
APP-201511-724474,Advika Jayaraman,+91 6120117054,advika.jayaraman6@example.com,WETPB6264O,2015-11-01,35000,100700.0,23.22,1.0,1.0,12.0,36.0,0.0,0.0,3516,13.8,19.0,,45.0,0.0,0.0,3.0,16.5,17784.0,8767.0,105202.0,151735.0,21300.0,25500.0,5.0,0.0,1.0,91.7,0.0,263.0,1.0,1.0,0.0,0.0,0.0,3.0,60.0,2.0,22.3,0.3476,0.0349,debt_consolidation,OWN,Source Verified, 60 months,2 years,,Capacity Planner,Debt consolidation,1
APP-201507-576851,William Lanka,+91 8943520428,william.lanka91@example.com,KFNPL4264V,2015-07-01,4000,50000.0,3.46,0.0,1.0,4.0,17.0,1.0,1.0,2874,36.0,,63.0,75.0,0.0,0.0,2.0,72.0,2000.0,718.0,2874.0,8000.0,4000.0,8000.0,2.0,0.0,0.0,94.0,50.0,147.0,13.0,3.0,0.0,0.0,0.0,4.0,36.0,5.0,13.7,0.08,0.0575,credit_card,RENT,Not Verified, 36 months,5 years,,Director,Credit card refinancing,0
APP-201508-634078,Karan Mital,+91 8257109965,karan.mital56@example.com,IFZPB0321I,2015-08-01,18000,56000.0,27.26,0.0,2.0,13.0,28.0,0.0,0.0,21290,61.4,71.0,,,0.0,0.0,2.0,69.1,3002.0,8015.0,104199.0,135825.0,9700.0,34700.0,8.0,0.0,0.0,96.4,25.0,100.0,5.0,5.0,0.0,0.0,0.0,8.0,60.0,2.0,9.0,0.3214,0.3802,debt_consolidation,RENT,Source Verified, 60 months,2 years,,technician,Debt consolidation,1
APP-201512-758856,Diya Bora,+91 6258633898,diya.bora1@example.com,HDMPN1375V,2015-12-01,8000,83500.0,13.93,0.0,0.0,11.0,14.0,1.0,0.0,22223,61.7,,76.0,,0.0,0.0,0.0,89.4,1556.0,2795.0,30747.0,46985.0,14700.0,36000.0,3.0,0.0,0.0,100.0,100.0,181.0,15.0,15.0,1.0,0.0,0.0,10.0,36.0,10.0,15.1,0.0958,0.2661,major_purchase,RENT,Source Verified, 36 months,10+ years,,DISTRIBUTION MANAGER,Major purchase,0
APP-201507-586563,Tara Chaudhry,+91 6091969690,tara.chaudhry67@example.com,UBWPB4403N,2015-07-01,8000,45500.0,21.68,0.0,0.0,7.0,13.0,0.0,0.0,2750,67.1,26.0,,,0.0,0.0,0.0,93.9,122.0,3157.0,15786.0,35599.0,2000.0,4100.0,3.0,0.0,0.0,92.3,100.0,124.0,2.0,,0.0,0.0,0.0,3.0,36.0,0.0,11.2,0.1758,0.0604,debt_consolidation,RENT,Source Verified, 36 months,< 1 year,,Nanny,Debt consolidation,0
APP-201508-625144,Tanay Toor,+91 9876198296,tanay.toor69@example.com,OSKPD4919O,2015-08-01,15000,63000.0,17.7,0.0,1.0,10.0,15.0,0.0,0.0,16434,82.2,,,,0.0,0.0,3.0,80.2,3464.0,25930.0,259295.0,268883.0,17500.0,20000.0,7.0,0.0,0.0,100.0,71.4,91.0,4.0,4.0,0.0,0.0,0.0,7.0,60.0,8.0,10.2,0.2381,0.2609,debt_consolidation,MORTGAGE,Source Verified, 60 months,8 years,,Market leader,Debt consolidation,1
APP-201509-667220,Kevin Palla,+91 6816690353,kevin.palla88@example.com,VXCPD2553J,2015-09-01,18000,110000.0,14.93,0.0,4.0,20.0,32.0,2.0,0.0,15123,49.4,,58.0,,0.0,0.0,2.0,65.1,6915.0,2553.0,51062.0,74369.0,19800.0,30600.0,16.0,0.0,0.0,100.0,25.0,244.0,2.0,0.0,0.0,0.0,0.0,10.0,36.0,8.0,20.4,0.1636,0.1375,debt_consolidation,RENT,Source Verified, 36 months,8 years,,Credit Manager,Debt consolidation,0
APP-201512-775725,Yash Pingle,+91 7137859287,yash.pingle93@example.com,TFUPC5159L,2015-12-01,13200,30000.0,7.64,0.0,1.0,6.0,25.0,0.0,0.0,2827,58.9,43.0,,43.0,0.0,0.0,2.0,73.2,698.0,707.0,2827.0,4800.0,2600.0,4800.0,1.0,0.0,5.0,72.0,50.0,490.0,15.0,2.0,0.0,0.0,0.0,3.0,36.0,10.0,40.9,0.44,0.0942,debt_consolidation,OWN,Source Verified, 36 months,10+ years,,Office Associate,Debt consolidation,0
APP-201512-764108,Nakul Sarma,+91 9590347116,nakul.sarma95@example.com,JYQPE2116Y,2015-12-01,20550,180000.0,19.01,0.0,1.0,16.0,31.0,0.0,0.0,42398,39.7,,,,0.0,0.0,6.0,46.0,29809.0,13644.0,218297.0,299203.0,55200.0,106900.0,2.0,0.0,0.0,100.0,11.1,398.0,5.0,6.0,0.0,0.0,0.0,6.0,60.0,10.0,33.3,0.1142,0.2355,debt_consolidation,MORTGAGE,Verified, 60 months,10+ years,,Assistant City Manager,Debt consolidation,0
APP-201510-709470,Abhiram Mistry,+91 7284602384,abhiram.mistry95@example.com,TBYPU4774S,2015-10-01,35000,104000.0,20.23,0.0,0.0,7.0,37.0,0.0,0.0,35632,99.3,,,,0.0,0.0,6.0,100.0,4.0,33627.0,235392.0,255264.0,20900.0,35900.0,4.0,0.0,0.0,100.0,100.0,241.0,13.0,13.0,0.0,0.0,0.0,4.0,60.0,3.0,20.1,0.3365,0.3426,credit_card,MORTGAGE,Verified, 60 months,3 years,,"Director, Revenue Cycle Management",Credit card refinancing,1
APP-201509-650522,Krish Lalla,+91 9227416584,krish.lalla86@example.com,QZIPU3446Z,2015-09-01,24500,125000.0,28.71,0.0,0.0,13.0,39.0,0.0,0.0,43048,54.6,,,,0.0,0.0,5.0,55.3,27020.0,33664.0,403966.0,468704.0,60400.0,78900.0,6.0,0.0,0.0,100.0,50.0,174.0,8.0,10.0,0.0,0.0,0.0,5.0,60.0,1.0,14.5,0.196,0.3444,home_improvement,MORTGAGE,Verified, 60 months,1 year,,Chief of Police,Home improvement,1
APP-201511-734208,Hredhaan Dugal,+91 7765523129,hredhaan.dugal26@example.com,HBNPJ4032U,2015-11-01,6000,60000.0,26.58,0.0,0.0,13.0,14.0,0.0,0.0,18145,84.4,,,,0.0,0.0,0.0,97.7,97.0,3220.0,41861.0,56049.0,4300.0,21500.0,5.0,0.0,0.0,92.9,100.0,121.0,10.0,24.0,0.0,0.0,0.0,10.0,36.0,7.0,10.1,0.1,0.3024,debt_consolidation,RENT,Source Verified, 36 months,7 years,I want to cut down on my credit card debt now (while they are not wildly out of control) by consolidating them all in one so I can make regular payments to one single source rather than keeping on track of several credit cards payment.,Financial Associate,Debt consolidation,0
APP-201507-591134,Baghyawati Kade,+91 8428414718,baghyawati.kade47@example.com,WWPPQ3597B,2015-07-01,35000,115000.0,13.76,0.0,0.0,17.0,38.0,0.0,0.0,49148,50.3,,,,0.0,0.0,2.0,56.3,30200.0,15561.0,264538.0,330677.0,69100.0,97700.0,8.0,0.0,0.0,100.0,28.6,285.0,2.0,10.0,0.0,0.0,0.0,8.0,36.0,10.0,23.7,0.3043,0.4274,credit_card,MORTGAGE,Source Verified, 36 months,10+ years,,Professor of Mechanical Engineering,Credit card refinancing,0
APP-201512-751914,Samar Lalla,+91 8470406376,samar.lalla56@example.com,LVQPK6594Z,2015-12-01,35000,119000.0,8.59,1.0,0.0,8.0,15.0,0.0,0.0,21312,66.4,7.0,,7.0,0.0,0.0,2.0,94.6,694.0,38393.0,307140.0,388240.0,12900.0,32100.0,2.0,1.0,1.0,86.7,100.0,263.0,15.0,22.0,0.0,0.0,0.0,5.0,36.0,4.0,21.9,0.2941,0.1791,debt_consolidation,MORTGAGE,Source Verified, 36 months,4 years,,Critical Systems Engineer,Debt consolidation,1
APP-201512-776936,Zayan Behl,+91 9129927269,zayan.behl9@example.com,XISPQ6079Q,2015-12-01,10000,65000.0,17.17,0.0,0.0,9.0,17.0,0.0,0.0,8951,19.6,27.0,,27.0,0.0,0.0,3.0,38.1,13060.0,26658.0,239920.0,310205.0,21100.0,45700.0,0.0,0.0,1.0,88.2,50.0,274.0,31.0,,0.0,0.0,0.0,4.0,36.0,10.0,22.8,0.1538,0.1377,credit_card,MORTGAGE,Source Verified, 36 months,10+ years,"I had a bad year two years ago, with some late and missed payments. I'm doing much better now, but I've got fees and some higher interest bits that have added up on top of the other stuff, and it's a little crazy. I'm hoping doing it thru Lending Club will make it easier - and cheaper - to pay off.",Technical Support Engineer,Credit card refinancing,0
APP-201509-658819,Pallavi Malhotra,+91 7241266931,pallavi.malhotra86@example.com,NEJPJ3760U,2015-09-01,3000,50000.0,28.4,0.0,1.0,18.0,23.0,0.0,0.0,17947,81.6,,,,0.0,0.0,0.0,89.9,1182.0,1891.0,34046.0,40900.0,11700.0,22000.0,6.0,0.0,0.0,100.0,87.5,101.0,1.0,1.0,0.0,0.0,0.0,14.0,36.0,10.0,9.4,0.06,0.3589,debt_consolidation,RENT,Source Verified, 36 months,10+ years,,Key Carrier,Debt consolidation,0
APP-201512-751750,Aarush Nath,+91 6363016614,aarush.nath43@example.com,QBCPV3289T,2015-12-01,10000,47000.0,19.08,0.0,1.0,8.0,18.0,1.0,1.0,8954,18.0,76.0,70.0,69.0,0.0,0.0,2.0,17.0,9210.0,12668.0,101351.0,155166.0,46050.0,49350.0,4.0,0.0,0.0,78.0,0.0,262.0,2.0,0.0,0.0,0.0,0.0,6.0,36.0,10.0,21.8,0.2128,0.1905,debt_consolidation,MORTGAGE,Not Verified, 36 months,10+ years,,truck driver,Debt consolidation,1
APP-201510-705553,Adweta Edwin,+91 6631691672,adweta.edwin80@example.com,WIPPE9366E,2015-10-01,10200,30000.0,21.68,1.0,2.0,15.0,24.0,0.0,0.0,19044,83.9,8.0,,27.0,0.0,0.0,1.0,59.7,1008.0,3470.0,48581.0,52503.0,2500.0,22700.0,9.0,0.0,4.0,77.3,0.0,304.0,2.0,2.0,0.0,0.0,0.0,6.0,36.0,,25.3,0.34,0.6348,debt_consolidation,RENT,Verified, 36 months,,,,Debt consolidation,1
APP-201510-679125,Prisha Andra,+91 7631832764,prisha.andra41@example.com,PYIPM6317X,2015-10-01,25000,100000.0,20.03,0.0,0.0,10.0,19.0,0.0,0.0,18329,46.6,30.0,,,0.0,0.0,0.0,53.1,15951.0,10598.0,105984.0,121642.0,34000.0,39300.0,3.0,0.0,0.0,89.5,40.0,180.0,2.0,,0.0,0.0,0.0,4.0,36.0,10.0,20.8,0.25,0.1833,credit_card,RENT,Source Verified, 36 months,10+ years,,,Credit card refinancing,1
APP-201507-593529,Faqid Dixit,+91 7007721109,faqid.dixit85@example.com,ZXCPV4331G,2015-07-01,10000,60000.0,22.18,1.0,2.0,27.0,48.0,0.0,0.0,12983,33.7,6.0,,6.0,0.0,0.0,3.0,83.8,1007.0,13731.0,302075.0,359283.0,6200.0,38500.0,8.0,1.0,1.0,93.6,100.0,212.0,1.0,3.0,0.0,1.0,0.0,15.0,36.0,10.0,17.7,0.1667,0.2164,credit_card,MORTGAGE,Source Verified, 36 months,10+ years,,Clerical Associate,Credit card refinancing,1
APP-201512-778975,Kala Divan,+91 6760038427,kala.divan16@example.com,ITEPE1275R,2015-12-01,15000,75000.0,24.56,0.0,0.0,31.0,51.0,0.0,0.0,13655,58.6,,,,0.0,0.0,0.0,66.2,6515.0,8696.0,269590.0,252650.0,19300.0,23300.0,5.0,0.0,0.0,100.0,16.7,145.0,11.0,4.0,0.0,0.0,0.0,7.0,36.0,0.0,12.1,0.2,0.1821,credit_card,RENT,Source Verified, 36 months,< 1 year,,,Credit card refinancing,0
APP-201512-778670,Joshua Barman,+91 6245824373,joshua.barman93@example.com,VWAPK8651F,2015-12-01,34000,87000.0,20.12,1.0,0.0,15.0,35.0,0.0,0.0,34219,40.6,15.0,,,0.0,0.0,2.0,65.4,17091.0,16941.0,254115.0,329331.0,49400.0,84300.0,5.0,0.0,0.0,97.1,33.3,396.0,19.0,19.0,0.0,0.0,0.0,5.0,36.0,1.0,33.0,0.3908,0.3933,credit_card,MORTGAGE,Source Verified, 36 months,1 year,,Admission RN,Credit card refinancing,0
APP-201507-610252,Janya Baral,+91 6972187337,janya.baral39@example.com,VUVPF7037O,2015-07-01,3000,60000.0,17.14,1.0,0.0,5.0,13.0,0.0,0.0,1645,54.8,6.0,,,0.0,0.0,1.0,55.2,895.0,1794.0,8971.0,20583.0,2000.0,3000.0,5.0,0.0,0.0,84.6,33.3,143.0,2.0,4.0,0.0,0.0,0.0,4.0,36.0,3.0,11.9,0.05,0.0274,debt_consolidation,RENT,Not Verified, 36 months,3 years,,Production Foreman,Debt consolidation,1
APP-201509-662197,Shivansh Krish,+91 6923026480,shivansh.krish65@example.com,PTUPH5384G,2015-09-01,9000,31000.0,22.42,0.0,1.0,6.0,10.0,1.0,1.0,8642,81.5,,77.0,,0.0,0.0,0.0,87.1,968.0,2090.0,12538.0,27106.0,7500.0,10600.0,1.0,0.0,0.0,100.0,66.7,132.0,3.0,1.0,0.0,0.0,0.0,5.0,36.0,10.0,11.6,0.2903,0.2788,credit_card,RENT,Source Verified, 36 months,10+ years,,Lead Operator,Credit card refinancing,1
APP-201511-729002,Irya Ray,+91 8076082500,irya.ray40@example.com,JYZPO7754F,2015-11-01,4800,45000.0,23.17,0.0,1.0,9.0,20.0,0.0,0.0,3441,60.4,44.0,,,0.0,0.0,0.0,57.8,1182.0,3693.0,33241.0,36532.0,2800.0,5700.0,9.0,0.0,0.0,90.0,33.3,73.0,1.0,1.0,0.0,0.0,0.0,6.0,36.0,5.0,6.1,0.1067,0.0765,other,MORTGAGE,Verified, 36 months,5 years,,Inside Sales,Other,1
APP-201512-772981,Warjas Gaba,+91 7299012686,warjas.gaba86@example.com,VUDPI0439W,2015-12-01,10000,100000.0,18.13,2.0,1.0,12.0,38.0,0.0,0.0,11639,47.1,16.0,,24.0,0.0,0.0,0.0,68.8,3088.0,10764.0,107641.0,133735.0,9900.0,24700.0,5.0,0.0,0.0,74.3,20.0,203.0,1.0,5.0,0.0,0.0,0.0,7.0,36.0,4.0,17.0,0.1,0.1164,debt_consolidation,RENT,Source Verified, 36 months,4 years,"Lenders, I have the ability to pay off my current debt but, would like the ability to be able to put some extra money off to the side and build my personal savings account. The lower interest rate of roughly 7% would enable me to do that. I'm willing to share my credit report to anyone that is willing to help out. Please consider my application. Thank you,",Assistant Sales Manager,Debt consolidation,0
APP-201510-698792,Nitara Bakshi,+91 9230035022,nitara.bakshi53@example.com,VWHPY1458C,2015-10-01,2000,62000.0,19.54,0.0,0.0,14.0,24.0,0.0,0.0,16623,72.0,,,,0.0,0.0,1.0,84.3,2990.0,9763.0,136681.0,158783.0,19100.0,23100.0,5.0,0.0,0.0,100.0,75.0,109.0,3.0,,0.0,0.0,0.0,4.0,36.0,7.0,9.2,0.0323,0.2681,debt_consolidation,MORTGAGE,Verified, 36 months,7 years,,Tire Center Manager,Debt consolidation,1
APP-201511-722007,Gaurangi Sabharwal,+91 7776693898,gaurangi.sabharwal42@example.com,YFLPL9433M,2015-11-01,16000,60000.0,34.91,0.0,0.0,26.0,54.0,0.0,0.0,29718,49.4,,,,0.0,0.0,1.0,76.6,5743.0,9763.0,244078.0,289467.0,24500.0,60200.0,11.0,0.0,0.0,100.0,80.0,122.0,8.0,14.0,0.0,0.0,0.0,8.0,60.0,9.0,10.4,0.2667,0.4953,credit_card,MORTGAGE,Source Verified, 60 months,9 years,,Training Director,Credit card refinancing,1
APP-201508-625359,Amara Dutta,+91 9260916298,amara.dutta52@example.com,ZJAPD8671J,2015-08-01,6000,30000.0,19.8,0.0,2.0,11.0,13.0,0.0,0.0,7877,43.0,,,,0.0,0.0,0.0,55.2,6229.0,1172.0,11719.0,30400.0,13900.0,18300.0,3.0,0.0,0.0,100.0,20.0,118.0,1.0,1.0,0.0,0.0,0.0,5.0,36.0,,9.8,0.2,0.2626,credit_card,OWN,Verified, 36 months,,,,Credit card refinancing,0
APP-201509-651158,Lavanya Barad,+91 9867043303,lavanya.barad90@example.com,XMVPY7400I,2015-09-01,32000,175000.0,14.3,0.0,0.0,15.0,24.0,0.0,0.0,74470,65.5,,,,0.0,0.0,2.0,67.7,19223.0,15262.0,228929.0,366642.0,59500.0,156200.0,4.0,0.0,0.0,100.0,40.0,162.0,11.0,4.0,0.0,0.0,0.0,9.0,60.0,8.0,13.5,0.1829,0.4255,credit_card,MORTGAGE,Source Verified, 60 months,8 years,,Operations Manager,Credit card refinancing,1
APP-201509-663675,Tristan Iyengar,+91 9204451095,tristan.iyengar38@example.com,FDYPT5123B,2015-09-01,7500,140000.0,22.43,1.0,0.0,8.0,12.0,0.0,0.0,6098,81.3,9.0,,9.0,0.0,0.0,0.0,74.4,1151.0,11716.0,93724.0,102536.0,4500.0,7500.0,9.0,1.0,1.0,91.7,33.3,22.0,3.0,8.0,0.0,1.0,0.0,3.0,36.0,4.0,10.5,0.0536,0.0436,debt_consolidation,RENT,Source Verified, 36 months,4 years,,National Sales Executive,Debt consolidation,0
APP-201510-707228,Inaya Mody,+91 6104078666,inaya.mody71@example.com,GQQPC1950Q,2015-10-01,7000,42000.0,18.49,0.0,2.0,12.0,20.0,0.0,0.0,18527,71.5,,,,0.0,0.0,4.0,79.6,4137.0,8269.0,99229.0,108088.0,20300.0,25900.0,2.0,0.0,0.0,100.0,83.3,243.0,3.0,1.0,0.0,0.0,0.0,9.0,36.0,,20.3,0.1667,0.4411,debt_consolidation,OWN,Source Verified, 36 months,,,,Debt consolidation,0
APP-201509-656643,Udant Bajwa,+91 9380424119,udant.bajwa17@example.com,OSHPA6246C,2015-09-01,8400,32000.0,26.78,0.0,3.0,11.0,27.0,4.0,4.0,4633,67.1,54.0,36.0,54.0,0.0,0.0,0.0,85.8,767.0,1562.0,15615.0,20566.0,5400.0,6900.0,11.0,0.0,2.0,88.5,80.0,189.0,3.0,0.0,0.0,0.0,0.0,5.0,36.0,10.0,15.8,0.2625,0.1448,debt_consolidation,RENT,Verified, 36 months,10+ years,,Correctional officer,Debt consolidation,1
APP-201508-629932,Mohini Narasimhan,+91 9441417711,mohini.narasimhan25@example.com,NJYPR5953P,2015-08-01,35000,105000.0,12.46,0.0,0.0,11.0,34.0,0.0,0.0,36792,66.4,,,,0.0,0.0,4.0,68.5,10037.0,29826.0,298261.0,367591.0,31900.0,55400.0,6.0,0.0,0.0,100.0,60.0,285.0,10.0,0.0,0.0,0.0,0.0,6.0,60.0,10.0,23.7,0.3333,0.3504,debt_consolidation,MORTGAGE,Source Verified, 60 months,10+ years,,Aircraft Mechanic,Debt consolidation,0
APP-201508-619724,Ekaraj Mallick,+91 9927537643,ekaraj.mallick54@example.com,BKJPX0737U,2015-08-01,1800,32000.0,19.09,0.0,0.0,5.0,10.0,0.0,0.0,7629,63.0,49.0,,49.0,0.0,0.0,1.0,66.4,3760.0,3501.0,17507.0,24620.0,11200.0,12100.0,6.0,0.0,1.0,90.0,66.7,352.0,7.0,7.0,0.0,0.0,0.0,4.0,36.0,9.0,29.4,0.0562,0.2384,debt_consolidation,RENT,Source Verified, 36 months,9 years,,Associate Manager,Debt consolidation,0
APP-201507-571576,Yashodhara Ratta,+91 6723019672,yashodhara.ratta86@example.com,CPTPE0581Y,2015-07-01,12000,52000.0,16.85,0.0,1.0,13.0,15.0,1.0,1.0,6684,43.0,,95.0,,0.0,0.0,2.0,47.5,4361.0,11438.0,148694.0,171757.0,8300.0,15535.0,6.0,0.0,0.0,100.0,0.0,86.0,2.0,2.0,0.0,0.0,0.0,9.0,60.0,2.0,7.2,0.2308,0.1285,debt_consolidation,MORTGAGE,Source Verified, 60 months,2 years,,Sr Admin. Asst.,Debt consolidation,1
APP-201509-665748,Ayaan D’Alia,+91 6065082363,ayaan.d’alia49@example.com,RZMPF8074J,2015-09-01,12000,53000.0,10.1,2.0,0.0,13.0,23.0,0.0,0.0,21426,57.8,10.0,,,0.0,0.0,4.0,83.2,3252.0,28470.0,313175.0,346863.0,19400.0,37100.0,3.0,0.0,0.0,73.9,100.0,194.0,8.0,,0.0,0.0,0.0,6.0,36.0,10.0,21.7,0.2264,0.4043,debt_consolidation,RENT,Source Verified, 36 months,10+ years,,Psychotherapist,Debt consolidation,1
APP-201512-754734,Pranav Lanka,+91 9781913386,pranav.lanka87@example.com,FUXPK9595I,2015-12-01,27000,102000.0,32.21,0.0,1.0,18.0,28.0,0.0,0.0,38471,68.8,81.0,,,0.0,0.0,4.0,68.2,17404.0,11666.0,209984.0,263323.0,54700.0,55900.0,6.0,0.0,0.0,96.4,58.3,172.0,5.0,5.0,0.0,0.0,0.0,9.0,60.0,5.0,14.3,0.2647,0.3772,debt_consolidation,MORTGAGE,Verified, 60 months,5 years,,Operations Project Consultant,Debt consolidation,1
APP-201508-642098,Ikbal Saraf,+91 8859629660,ikbal.saraf96@example.com,AQHPY0627N,2015-08-01,12000,48000.0,30.99,0.0,0.0,7.0,22.0,1.0,0.0,339,2.9,38.0,53.0,54.0,0.0,0.0,1.0,3.1,10461.0,18102.0,126715.0,166111.0,10800.0,11500.0,3.0,0.0,2.0,86.4,0.0,128.0,5.0,24.0,0.0,0.0,0.0,2.0,36.0,0.0,13.6,0.25,0.0071,home_improvement,MORTGAGE,Source Verified, 36 months,< 1 year,,Operation Coater 3,Home improvement,0
APP-201507-588652,Dipta Sarin,+91 6266992705,dipta.sarin23@example.com,XTXPM3163Z,2015-07-01,16000,107000.0,16.12,0.0,1.0,14.0,43.0,0.0,0.0,15801,39.0,52.0,,52.0,0.0,0.0,6.0,59.4,10799.0,6124.0,85740.0,118357.0,26600.0,40500.0,6.0,0.0,1.0,97.6,16.7,145.0,6.0,2.0,0.0,0.0,0.0,3.0,60.0,3.0,12.4,0.1495,0.1477,home_improvement,MORTGAGE,Source Verified, 60 months,3 years,,ADMINISTRATOR,Home improvement,0
APP-201512-779485,Lekha Gupta,+91 7204235259,lekha.gupta79@example.com,NUSPC4912D,2015-12-01,8400,54000.0,21.22,0.0,1.0,15.0,23.0,0.0,0.0,59858,83.0,41.0,,31.0,0.0,0.0,5.0,92.0,3533.0,11619.0,174297.0,199643.0,10600.0,71910.0,4.0,0.0,0.0,91.0,100.0,167.0,2.0,2.0,0.0,0.0,0.0,12.0,36.0,4.0,14.0,0.1556,1.1085,debt_consolidation,MORTGAGE,Verified, 36 months,4 years,,Legal Assistant,Debt consolidation,1
APP-201507-587448,Chaitanya Sarin,+91 9150519597,chaitanya.sarin73@example.com,CRHPT7144X,2015-07-01,19000,47525.0,24.79,1.0,0.0,12.0,23.0,0.0,0.0,13577,86.5,15.0,,43.0,0.0,0.0,2.0,98.2,45.0,13784.0,165405.0,201946.0,2500.0,15700.0,4.0,0.0,0.0,91.3,100.0,113.0,5.0,23.0,0.0,0.0,0.0,7.0,60.0,7.0,9.9,0.3998,0.2857,debt_consolidation,MORTGAGE,Verified, 60 months,7 years,,loan processor,Debt consolidation,1
APP-201511-736087,Zinal Yohannan,+91 9197018781,zinal.yohannan39@example.com,WJZPI6706M,2015-11-01,20000,44000.0,25.37,0.0,1.0,5.0,20.0,0.0,0.0,5042,63.0,63.0,,,0.0,0.0,0.0,100.8,0.0,11465.0,57325.0,81091.0,5000.0,8000.0,4.0,0.0,0.0,90.0,100.0,209.0,3.0,3.0,0.0,0.0,0.0,1.0,60.0,10.0,17.4,0.4545,0.1146,debt_consolidation,MORTGAGE,Verified, 60 months,10+ years,,Paramedic,Debt consolidation,0
APP-201507-572408,Januja Sankar,+91 8496743109,januja.sankar52@example.com,JURPA1670C,2015-07-01,13600,145000.0,14.88,0.0,3.0,12.0,28.0,0.0,0.0,40770,40.7,,,,0.0,0.0,3.0,40.9,56512.0,5223.0,62674.0,139100.0,95600.0,100100.0,2.0,0.0,0.0,100.0,28.6,256.0,6.0,2.0,0.0,0.0,0.0,5.0,36.0,10.0,21.3,0.0938,0.2812,debt_consolidation,MORTGAGE,Not Verified, 36 months,10+ years,,attorney,Debt consolidation,0
APP-201512-782318,Ganga Murthy,+91 7938972143,ganga.murthy71@example.com,GQJPS0143O,2015-12-01,16000,45000.0,22.09,0.0,0.0,17.0,31.0,0.0,0.0,51928,58.4,,,,0.0,0.0,3.0,46.2,22324.0,13406.0,214489.0,263544.0,41500.0,88900.0,1.0,0.0,0.0,100.0,42.9,261.0,5.0,,0.0,0.0,0.0,11.0,60.0,1.0,21.8,0.3556,1.154,debt_consolidation,MORTGAGE,Not Verified, 60 months,1 year,,accountant,Debt consolidation,1
APP-201512-766533,Charita Tripathi,+91 6475808013,charita.tripathi1@example.com,TONPM3290F,2015-12-01,6400,25000.0,34.85,0.0,0.0,9.0,16.0,0.0,0.0,14776,69.7,51.0,,,0.0,0.0,0.0,84.2,2121.0,1926.0,17334.0,25200.0,13400.0,21200.0,4.0,0.0,0.0,93.7,83.3,261.0,9.0,9.0,0.0,0.0,0.0,8.0,36.0,6.0,21.8,0.256,0.591,credit_card,MORTGAGE,Verified, 36 months,6 years,,Bookkeeper,Credit card refinancing,0
APP-201509-667164,Nilima Narain,+91 6054318806,nilima.narain39@example.com,MKOPI7726W,2015-09-01,11000,40000.0,16.8,0.0,1.0,5.0,10.0,0.0,0.0,9472,80.3,,,,0.0,0.0,0.0,80.3,2328.0,5352.0,26759.0,33115.0,11800.0,11800.0,3.0,0.0,0.0,100.0,75.0,63.0,4.0,4.0,0.0,0.0,0.0,3.0,36.0,2.0,9.1,0.275,0.2368,credit_card,RENT,Source Verified, 36 months,2 years,,Correctional Officer,Credit card refinancing,0
APP-201508-640887,Chakrika Datta,+91 6100140141,chakrika.datta37@example.com,XMDPC4840V,2015-08-01,3850,12096.0,31.85,0.0,1.0,6.0,19.0,0.0,0.0,5682,72.8,59.0,,59.0,0.0,0.0,0.0,93.9,177.0,2631.0,15787.0,17514.0,2900.0,7800.0,5.0,0.0,1.0,93.3,100.0,180.0,11.0,2.0,0.0,0.0,0.0,5.0,36.0,,19.7,0.3183,0.4697,credit_card,RENT,Verified, 36 months,,,,Credit card refinancing,1
APP-201510-694626,Osha Raghavan,+91 7178575192,osha.raghavan27@example.com,ZZRPW0588W,2015-10-01,3600,68000.0,23.35,0.0,0.0,6.0,19.0,0.0,0.0,5569,84.4,,,,0.0,0.0,0.0,84.4,1031.0,4630.0,27778.0,53832.0,6600.0,6600.0,4.0,0.0,0.0,100.0,100.0,107.0,5.0,4.0,0.0,0.0,0.0,3.0,36.0,6.0,10.3,0.0529,0.0819,moving,RENT,Verified, 36 months,6 years,,Benefit Advisor,Moving and relocation,0
APP-201508-624831,Charvi Ravi,+91 9521453189,charvi.ravi56@example.com,SSEPL5121Z,2015-08-01,33600,108000.0,12.05,0.0,4.0,15.0,19.0,0.0,0.0,26266,65.0,,,,0.0,0.0,1.0,74.6,7046.0,12214.0,183216.0,217501.0,27700.0,40400.0,10.0,0.0,0.0,100.0,33.3,49.0,1.0,1.0,0.0,0.0,0.0,9.0,36.0,3.0,4.1,0.3111,0.2432,debt_consolidation,MORTGAGE,Source Verified, 36 months,3 years,,It system analyst,Debt consolidation,1
APP-201508-622524,Daksha Mangat,+91 9229509408,daksha.mangat75@example.com,MJOPO8560J,2015-08-01,4000,70000.0,16.38,0.0,0.0,18.0,29.0,0.0,0.0,24940,82.6,,,,0.0,0.0,0.0,99.4,137.0,3882.0,65998.0,67470.0,23000.0,30200.0,3.0,0.0,0.0,100.0,100.0,135.0,0.0,11.0,0.0,0.0,0.0,9.0,36.0,0.0,11.8,0.0571,0.3563,debt_consolidation,RENT,Not Verified, 36 months,< 1 year,I have excellent credit and I need to reduce my credit card debt at a lower interest rate.,Cleaner,Debt consolidation,0
APP-201508-614719,Qushi Nagy,+91 9968990653,qushi.nagy78@example.com,KSMPN7809U,2015-08-01,20000,60000.0,16.51,0.0,2.0,21.0,41.0,0.0,0.0,39139,41.4,,,,0.0,0.0,5.0,52.7,33416.0,9181.0,183619.0,243900.0,70700.0,94500.0,11.0,0.0,0.0,100.0,33.3,386.0,1.0,0.0,0.0,0.0,0.0,8.0,60.0,10.0,32.3,0.3333,0.6523,credit_card,MORTGAGE,Source Verified, 60 months,10+ years,,Letter Carrier,Debt consolidation,1
APP-201509-660573,Riya Sathe,+91 6176777762,riya.sathe84@example.com,BMNPE8761E,2015-09-01,8050,26880.0,7.46,0.0,0.0,5.0,14.0,0.0,0.0,196,6.5,26.0,,68.0,0.0,0.0,0.0,,,49.0,196.0,3000.0,0.0,3000.0,1.0,0.0,1.0,76.9,,113.0,23.0,,0.0,0.0,0.0,2.0,36.0,,9.5,0.2995,0.0073,house,RENT,Source Verified, 36 months,,,,Home buying,0
APP-201511-723032,Yasti Solanki,+91 9002314313,yasti.solanki42@example.com,LXBPD5319H,2015-11-01,10400,53000.0,25.18,0.0,2.0,11.0,17.0,0.0,0.0,1314,4.3,,,,0.0,0.0,0.0,4.3,29486.0,6089.0,66979.0,99713.0,30800.0,30800.0,9.0,0.0,0.0,100.0,0.0,62.0,2.0,6.0,0.0,0.0,0.0,2.0,60.0,3.0,11.3,0.1962,0.0248,debt_consolidation,RENT,Source Verified, 60 months,3 years,,Environmental Health/Safety Specialist,Debt consolidation,1
APP-201512-762302,Frado Mander,+91 9284759615,frado.mander60@example.com,IYXPC2651J,2015-12-01,13050,46000.0,18.42,1.0,0.0,10.0,13.0,3.0,0.0,5097,43.2,6.0,61.0,,0.0,0.0,0.0,67.5,2371.0,2369.0,23685.0,39766.0,7300.0,11800.0,4.0,0.0,0.0,92.3,40.0,54.0,9.0,,3.0,0.0,0.0,6.0,60.0,,18.2,0.2837,0.1108,debt_consolidation,MORTGAGE,Not Verified, 60 months,,,,Debt consolidation,1
APP-201508-621518,Girik Keer,+91 9306284028,girik.keer57@example.com,PCQPS9167T,2015-08-01,20000,68000.0,31.36,1.0,1.0,14.0,18.0,0.0,0.0,8030,25.0,12.0,,,0.0,0.0,0.0,29.0,3067.0,4314.0,60399.0,105239.0,18400.0,32250.0,12.0,0.0,0.0,94.0,33.3,108.0,1.0,6.0,0.0,0.0,0.0,11.0,36.0,10.0,9.0,0.2941,0.1181,debt_consolidation,RENT,Verified, 36 months,10+ years,,Baker,Debt consolidation,1
APP-201508-636370,Umang Issac,+91 9747959430,umang.issac57@example.com,IYBPA0972G,2015-08-01,12700,77000.0,10.05,0.0,0.0,11.0,32.0,0.0,0.0,11606,64.8,36.0,,,0.0,0.0,0.0,93.5,490.0,2284.0,25122.0,34423.0,7500.0,17900.0,3.0,0.0,0.0,93.7,100.0,96.0,8.0,8.0,0.0,0.0,0.0,6.0,36.0,3.0,10.3,0.1649,0.1507,debt_consolidation,RENT,Source Verified, 36 months,3 years,,Director of Training,Debt consolidation,1
APP-201511-736750,Aryan Batra,+91 9166211829,aryan.batra87@example.com,TKQPP8563H,2015-11-01,18000,95000.0,15.42,0.0,0.0,16.0,33.0,0.0,0.0,25758,44.5,,,,0.0,0.0,1.0,46.3,22655.0,22598.0,361566.0,404600.0,42200.0,57900.0,9.0,0.0,0.0,100.0,12.5,104.0,3.0,10.0,0.0,0.0,0.0,8.0,36.0,5.0,8.7,0.1895,0.2711,debt_consolidation,MORTGAGE,Source Verified, 36 months,5 years,,IT Consultalt,Debt consolidation,0
APP-201511-723452,Vaishnavi Bora,+91 7318587604,vaishnavi.bora28@example.com,URHPC6144K,2015-11-01,5375,14988.0,19.54,0.0,1.0,7.0,7.0,0.0,0.0,5161,67.0,24.0,,,0.0,0.0,0.0,85.6,691.0,737.0,5161.0,7700.0,4800.0,7700.0,4.0,0.0,0.0,85.7,50.0,183.0,2.0,2.0,0.0,0.0,0.0,5.0,36.0,,15.2,0.3586,0.3443,debt_consolidation,RENT,Verified, 36 months,,,,Debt consolidation,0
APP-201512-756940,Oeshi Hayer,+91 7062795957,oeshi.hayer66@example.com,PISPX9337Q,2015-12-01,10000,109000.0,13.57,0.0,1.0,7.0,22.0,0.0,0.0,9481,38.4,,,,0.0,0.0,3.0,31.1,10194.0,29803.0,208622.0,231700.0,14800.0,24700.0,5.0,0.0,0.0,100.0,0.0,195.0,2.0,4.0,0.0,0.0,0.0,3.0,36.0,9.0,35.9,0.0917,0.087,credit_card,MORTGAGE,Not Verified, 36 months,9 years,,Medical Consultant,Credit card refinancing,0
APP-201511-728607,Warda Ratta,+91 6803132646,warda.ratta61@example.com,OIMPI4109T,2015-11-01,11000,33500.0,18.38,0.0,0.0,11.0,23.0,0.0,0.0,10403,44.3,,,,0.0,0.0,0.0,66.2,4288.0,6554.0,72096.0,85580.0,12700.0,23500.0,4.0,0.0,0.0,100.0,50.0,183.0,10.0,14.0,0.0,0.0,0.0,6.0,36.0,10.0,18.0,0.3284,0.3105,debt_consolidation,MORTGAGE,Source Verified, 36 months,10+ years,"I paid off my first Prosper loan, but had an emergency and took out a second Prosper loan, but at a very high interest rate - and I would like the opportunity to get the interest rate lowered. This loan would be used to pay off the second Prosper Loan.",Academic Admin,Debt consolidation,0
APP-201511-741782,Manbir Ahluwalia,+91 8061380746,manbir.ahluwalia95@example.com,KZXPK9711Q,2015-11-01,12000,42000.0,26.83,0.0,0.0,26.0,43.0,0.0,0.0,10529,26.5,,,,0.0,0.0,0.0,38.5,13532.0,3923.0,94155.0,123190.0,22000.0,39800.0,5.0,0.0,0.0,100.0,20.0,115.0,7.0,10.0,0.0,0.0,0.0,9.0,36.0,2.0,13.0,0.2857,0.2507,credit_card,RENT,Not Verified, 36 months,2 years,,Data Coordinator,Credit card refinancing,1
APP-201510-702590,Pavani Kanda,+91 6627255918,pavani.kanda22@example.com,MWMPC9592L,2015-10-01,15000,35000.0,15.16,0.0,1.0,15.0,19.0,0.0,0.0,12025,31.3,,,,0.0,0.0,2.0,43.3,15032.0,8533.0,127989.0,181882.0,26500.0,38400.0,5.0,0.0,0.0,100.0,37.5,140.0,4.0,0.0,0.0,0.0,0.0,5.0,60.0,10.0,11.7,0.4286,0.3436,debt_consolidation,MORTGAGE,Source Verified, 60 months,10+ years,,production,Debt consolidation,0
APP-201507-607024,Zarna Shetty,+91 9539931481,zarna.shetty85@example.com,BHPPU6201E,2015-07-01,19000,100000.0,32.91,0.0,0.0,18.0,30.0,0.0,0.0,20626,62.3,,,,0.0,0.0,2.0,79.0,5165.0,14470.0,260452.0,317799.0,24600.0,33100.0,4.0,0.0,0.0,100.0,50.0,114.0,4.0,3.0,0.0,0.0,0.0,4.0,36.0,5.0,13.0,0.19,0.2063,credit_card,MORTGAGE,Not Verified, 36 months,5 years,,Driver,Credit card refinancing,0
APP-201509-649044,Zaid Dara,+91 7061073976,zaid.dara11@example.com,WSTPL0053J,2015-09-01,15000,100000.0,19.18,2.0,0.0,11.0,22.0,1.0,0.0,2077,32.0,1.0,118.0,,0.0,1.0,0.0,14.8,426.0,7634.0,76343.0,113530.0,500.0,6500.0,5.0,0.0,0.0,86.4,0.0,203.0,7.0,0.0,1.0,0.0,54.0,4.0,60.0,10.0,16.9,0.15,0.0208,debt_consolidation,MORTGAGE,Source Verified, 60 months,10+ years,,Facility Tech,Debt consolidation,1
APP-201509-645360,Kiaan Shetty,+91 6914122100,kiaan.shetty37@example.com,BNTPI8661D,2015-09-01,6000,50000.0,12.45,0.0,0.0,7.0,11.0,0.0,0.0,7764,68.7,,,,0.0,0.0,0.0,86.1,876.0,1841.0,12885.0,21019.0,6300.0,11300.0,6.0,0.0,0.0,100.0,66.7,44.0,6.0,7.0,0.0,0.0,0.0,4.0,36.0,2.0,4.4,0.12,0.1553,debt_consolidation,RENT,Source Verified, 36 months,2 years,,Food runner,Debt consolidation,1
APP-201512-747115,Saanvi Thaman,+91 7073574218,saanvi.thaman66@example.com,KUIPL7155B,2015-12-01,30000,260000.0,14.7,0.0,0.0,19.0,33.0,0.0,0.0,46989,72.3,35.0,,69.0,0.0,0.0,4.0,73.9,7572.0,8355.0,142027.0,198790.0,29000.0,65000.0,3.0,0.0,0.0,90.9,50.0,394.0,12.0,10.0,0.0,0.0,0.0,8.0,36.0,10.0,32.8,0.1154,0.1807,other,MORTGAGE,Source Verified, 36 months,10+ years,,Physician,Other,0
APP-201512-748427,Sanaya Dutt,+91 6725003955,sanaya.dutt85@example.com,BSUPQ4653T,2015-12-01,6400,115000.0,5.1,0.0,0.0,6.0,25.0,0.0,0.0,10168,92.4,39.0,,39.0,0.0,0.0,4.0,92.4,832.0,49598.0,297589.0,315486.0,11000.0,11000.0,1.0,0.0,1.0,88.0,66.7,558.0,3.0,3.0,0.0,0.0,0.0,3.0,36.0,3.0,46.5,0.0557,0.0884,debt_consolidation,MORTGAGE,Not Verified, 36 months,3 years,"We knew that using our credit cards to finance an adoption would squeeze us, but then medical and other unexpected expenses made the situation almost impossible. We are a stable family in a stable community. We just need to break a cycle of debt that is getting worse.",Senior IT Consultant,Debt consolidation,0
APP-201512-779220,Shivani Lad,+91 7433550699,shivani.lad82@example.com,IKQPJ5554S,2015-12-01,18000,75000.0,23.62,0.0,1.0,13.0,21.0,0.0,0.0,11269,35.1,,,,0.0,0.0,1.0,87.6,1241.0,22536.0,247900.0,295975.0,10000.0,32100.0,6.0,0.0,0.0,100.0,100.0,77.0,5.0,5.0,0.0,0.0,0.0,3.0,36.0,4.0,9.9,0.24,0.1503,credit_card,MORTGAGE,Verified, 36 months,4 years,,Pilot,Credit card refinancing,0
APP-201508-623277,Aradhana Verma,+91 6955938726,aradhana.verma80@example.com,HVJPV1438W,2015-08-01,35000,130000.0,17.14,0.0,0.0,11.0,30.0,0.0,0.0,16037,68.2,54.0,,56.0,0.0,0.0,5.0,100.3,0.0,6780.0,74578.0,105010.0,8500.0,23500.0,8.0,0.0,1.0,89.7,100.0,139.0,3.0,2.0,0.0,0.0,0.0,5.0,36.0,10.0,12.8,0.2692,0.1234,debt_consolidation,MORTGAGE,Source Verified, 36 months,10+ years,,Engineer,Debt consolidation,0
APP-201511-716145,William Maharaj,+91 7621609600,william.maharaj43@example.com,QPGPU7757S,2015-11-01,2800,42000.0,30.74,0.0,1.0,11.0,18.0,0.0,0.0,11239,85.1,50.0,,,0.0,0.0,3.0,93.7,487.0,4629.0,50920.0,57564.0,7700.0,13200.0,2.0,0.0,0.0,88.9,100.0,181.0,5.0,5.0,0.0,0.0,0.0,8.0,36.0,0.0,16.7,0.0667,0.2676,major_purchase,MORTGAGE,Verified, 36 months,< 1 year,,Automotive technician,Major purchase,1
APP-201511-727745,Faras Mangal,+91 6665055833,faras.mangal12@example.com,MNSPY8160W,2015-11-01,15000,42000.0,27.09,0.0,0.0,11.0,15.0,0.0,0.0,13941,45.3,,,,0.0,0.0,0.0,49.2,13927.0,4450.0,48949.0,69171.0,27400.0,30800.0,11.0,0.0,0.0,100.0,28.6,36.0,4.0,9.0,0.0,0.0,0.0,6.0,36.0,10.0,6.3,0.3571,0.3319,debt_consolidation,RENT,Verified, 36 months,10+ years,,supervisor,Debt consolidation,1
APP-201508-625660,Anita Nayak,+91 6450139320,anita.nayak97@example.com,CAIPE4256P,2015-08-01,10000,65000.0,4.69,0.0,0.0,4.0,9.0,0.0,0.0,10840,50.9,,,,0.0,0.0,0.0,50.9,10460.0,2710.0,10840.0,21300.0,21300.0,21300.0,1.0,0.0,0.0,100.0,25.0,122.0,18.0,,0.0,0.0,0.0,4.0,36.0,0.0,10.2,0.1538,0.1668,credit_card,RENT,Not Verified, 36 months,< 1 year,,delivery driver,Credit card refinancing,0
APP-201511-737303,Faris Devi,+91 8279995032,faris.devi31@example.com,WTBPE5594M,2015-11-01,18000,170000.0,6.0,0.0,0.0,12.0,24.0,0.0,0.0,29148,31.5,28.0,,,0.0,0.0,3.0,41.6,40902.0,2676.0,29434.0,103651.0,70000.0,92500.0,2.0,0.0,0.0,95.8,16.7,488.0,13.0,,0.0,0.0,0.0,7.0,36.0,,40.7,0.1059,0.1715,debt_consolidation,OWN,Not Verified, 36 months,,,,Debt consolidation,0
APP-201510-671240,Vihaan Rajagopal,+91 7719112790,vihaan.rajagopal87@example.com,IEXPK5686Z,2015-10-01,6400,50000.0,13.63,0.0,4.0,20.0,24.0,0.0,0.0,6187,35.6,,,,0.0,0.0,0.0,78.3,1022.0,1523.0,28939.0,41242.0,4700.0,17400.0,19.0,0.0,0.0,100.0,75.0,23.0,4.0,0.0,0.0,0.0,0.0,6.0,36.0,1.0,11.7,0.128,0.1237,credit_card,RENT,Verified, 36 months,1 year,,Front Office Manager,Credit card refinancing,1
APP-201510-679717,Tanish Bhatt,+91 8256287095,tanish.bhatt40@example.com,SPEPH2299Y,2015-10-01,8975,120000.0,5.79,0.0,2.0,5.0,15.0,0.0,0.0,5396,83.0,70.0,,,0.0,0.0,2.0,69.4,764.0,53424.0,267122.0,275068.0,2500.0,6500.0,5.0,0.0,0.0,86.7,0.0,142.0,3.0,3.0,0.0,0.0,0.0,2.0,36.0,3.0,11.8,0.0748,0.045,debt_consolidation,MORTGAGE,Source Verified, 36 months,3 years,,Corporate Director,Debt consolidation,1
APP-201510-693513,Nikita Narayanan,+91 8424971817,nikita.narayanan29@example.com,HFSPK4597J,2015-10-01,5000,40000.0,24.36,1.0,0.0,20.0,25.0,0.0,0.0,14653,38.5,9.0,,,0.0,0.0,0.0,59.7,5647.0,1559.0,31171.0,62299.0,14000.0,38100.0,2.0,0.0,0.0,96.0,57.1,133.0,9.0,,0.0,0.0,0.0,11.0,36.0,5.0,11.1,0.125,0.3663,credit_card,RENT,Not Verified, 36 months,5 years,,Administrator,Credit card refinancing,1
APP-201507-584532,Ojasvi Bhatia,+91 7721221887,ojasvi.bhatia26@example.com,DRJPM8982J,2015-07-01,17600,57600.0,36.69,0.0,2.0,12.0,24.0,0.0,0.0,31143,94.4,,,,0.0,0.0,6.0,97.4,746.0,15227.0,152268.0,188457.0,29000.0,33000.0,2.0,0.0,0.0,100.0,100.0,244.0,2.0,0.0,0.0,0.0,0.0,7.0,60.0,10.0,20.3,0.3056,0.5407,debt_consolidation,MORTGAGE,Source Verified, 60 months,10+ years,,Office Specialist,Debt consolidation,1
APP-201511-717606,Osha Ramachandran,+91 8490941149,osha.ramachandran19@example.com,YCYPU2425R,2015-11-01,15000,36000.0,22.77,0.0,0.0,8.0,17.0,0.0,0.0,16533,64.6,,,,0.0,0.0,0.0,69.5,5975.0,2657.0,21259.0,38535.0,19600.0,25600.0,0.0,0.0,0.0,100.0,40.0,101.0,25.0,16.0,0.0,0.0,0.0,5.0,36.0,2.0,8.5,0.4167,0.4592,credit_card,RENT,Not Verified, 36 months,2 years,,Valet/cashier,Credit card refinancing,0
APP-201512-772622,Lajita Sood,+91 8997525838,lajita.sood4@example.com,SDQPS2092H,2015-12-01,6325,44000.0,30.63,0.0,0.0,11.0,23.0,0.0,0.0,3842,24.2,,,,0.0,0.0,1.0,95.9,134.0,17172.0,154551.0,202060.0,3300.0,15900.0,4.0,0.0,0.0,100.0,100.0,216.0,2.0,1.0,0.0,0.0,0.0,3.0,36.0,10.0,18.1,0.1438,0.0873,debt_consolidation,MORTGAGE,Source Verified, 36 months,10+ years,,Nurse,Debt consolidation,0
APP-201509-660850,Indira Misra,+91 6010002396,indira.misra6@example.com,BKSPD6199F,2015-09-01,2000,35000.0,27.61,0.0,1.0,12.0,23.0,0.0,0.0,16770,70.2,,,,0.0,0.0,2.0,100.5,0.0,18551.0,185514.0,196536.0,7800.0,23900.0,7.0,0.0,0.0,100.0,100.0,157.0,6.0,0.0,0.0,0.0,0.0,7.0,36.0,1.0,13.2,0.0571,0.4791,major_purchase,OWN,Verified, 36 months,1 year,,Driver,Major purchase,1
APP-201510-703162,Oni Yohannan,+91 9666964667,oni.yohannan32@example.com,KYWPP6722B,2015-10-01,25000,110000.0,24.01,0.0,0.0,10.0,14.0,0.0,0.0,114695,38.2,,,,0.0,0.0,3.0,41.8,43598.0,52243.0,522426.0,601246.0,74900.0,166900.0,2.0,0.0,0.0,100.0,25.0,319.0,20.0,20.0,0.0,0.0,0.0,5.0,36.0,0.0,28.6,0.2273,1.0427,debt_consolidation,OWN,Not Verified, 36 months,< 1 year,,Director Publisher Development,Debt consolidation,0
APP-201511-723129,Vinaya Kanda,+91 6078663096,vinaya.kanda61@example.com,XCOPR7809N,2015-11-01,32000,105000.0,27.18,0.0,5.0,23.0,51.0,0.0,0.0,36788,56.0,47.0,,31.0,0.0,0.0,6.0,68.0,6829.0,13426.0,308799.0,363214.0,47800.0,65464.0,13.0,0.0,0.0,94.0,42.9,221.0,2.0,2.0,0.0,0.0,0.0,20.0,60.0,4.0,18.4,0.3048,0.3504,debt_consolidation,MORTGAGE,Verified, 60 months,4 years,,Tax Manager,Debt consolidation,1
APP-201508-616324,Rajata Sunder,+91 7543189555,rajata.sunder79@example.com,WEXPM7178J,2015-08-01,3000,50000.0,31.13,0.0,0.0,5.0,11.0,1.0,1.0,2720,77.0,,66.0,,0.0,0.0,0.0,98.0,2750.0,9549.0,47745.0,74645.0,2750.0,3550.0,2.0,0.0,0.0,100.0,100.0,276.0,12.0,3.0,0.0,0.0,0.0,2.0,36.0,6.0,23.1,0.06,0.0544,credit_card,RENT,Verified, 36 months,6 years,,driver,Credit card refinancing,0
APP-201507-611193,Lopa Nayar,+91 8142224154,lopa.nayar99@example.com,WAOPD9346Q,2015-07-01,28000,150000.0,19.62,0.0,0.0,8.0,24.0,0.0,0.0,6526,11.2,52.0,,52.0,0.0,0.0,3.0,11.2,51974.0,9511.0,76084.0,156952.0,58500.0,58500.0,4.0,0.0,2.0,91.3,0.0,170.0,5.0,3.0,0.0,0.0,0.0,2.0,60.0,8.0,19.9,0.1867,0.0435,debt_consolidation,RENT,Source Verified, 60 months,8 years,,Pilot,Debt consolidation,0
APP-201507-582437,Noah Sibal,+91 8945820704,noah.sibal10@example.com,MYWPO2837U,2015-07-01,12825,52000.0,34.55,0.0,1.0,14.0,33.0,0.0,0.0,2885,13.9,45.0,,45.0,0.0,0.0,0.0,18.7,12515.0,3103.0,43448.0,95140.0,15400.0,20700.0,2.0,0.0,1.0,93.9,0.0,202.0,2.0,0.0,0.0,0.0,0.0,2.0,60.0,10.0,16.8,0.2466,0.0555,debt_consolidation,RENT,Source Verified, 60 months,10+ years,,Ramp Service Agent,Debt consolidation,0
APP-201511-722200,Avi Ramesh,+91 6944109232,avi.ramesh59@example.com,GETPZ2616U,2015-11-01,21500,59652.0,30.42,0.0,1.0,17.0,24.0,0.0,0.0,26631,70.3,,,,0.0,0.0,2.0,83.7,2835.0,4768.0,81051.0,157388.0,17400.0,37900.0,8.0,0.0,0.0,100.0,71.4,124.0,5.0,0.0,0.0,0.0,0.0,13.0,36.0,10.0,12.0,0.3604,0.4464,credit_card,MORTGAGE,Not Verified, 36 months,10+ years,,Site Tech,Credit card refinancing,0
APP-201511-732361,Fiyaz Sangha,+91 7396776692,fiyaz.sangha54@example.com,XVNPC4094H,2015-11-01,15000,95000.0,14.41,0.0,0.0,13.0,21.0,0.0,0.0,29949,68.5,28.0,,29.0,0.0,0.0,3.0,60.5,5368.0,20199.0,262590.0,293271.0,13600.0,43700.0,5.0,0.0,2.0,85.0,80.0,114.0,4.0,4.0,0.0,0.0,0.0,7.0,36.0,2.0,18.0,0.1579,0.3153,debt_consolidation,OWN,Source Verified, 36 months,2 years,,Telecom Engineer,Debt consolidation,0
APP-201508-643345,Triya Gopal,+91 8169379374,triya.gopal81@example.com,AJLPI9370U,2015-08-01,8400,78580.0,14.74,0.0,1.0,10.0,23.0,1.0,1.0,7233,70.2,,90.0,,0.0,0.0,2.0,93.4,158.0,10856.0,108555.0,113764.0,2400.0,10300.0,8.0,0.0,0.0,100.0,100.0,39.0,2.0,2.0,0.0,0.0,0.0,6.0,36.0,10.0,10.2,0.1069,0.092,credit_card,MORTGAGE,Source Verified, 36 months,10+ years,,Tradesman,Credit card refinancing,1
APP-201510-695293,Abha Raghavan,+91 9895226828,abha.raghavan74@example.com,JGRPO3458W,2015-10-01,20000,77000.0,24.3,0.0,1.0,21.0,29.0,0.0,0.0,13444,46.4,32.0,,,0.0,0.0,0.0,87.0,1442.0,2899.0,55079.0,80807.0,11100.0,29000.0,10.0,0.0,0.0,96.6,100.0,132.0,5.0,1.0,0.0,0.0,0.0,10.0,60.0,8.0,11.0,0.2597,0.1746,debt_consolidation,RENT,Source Verified, 60 months,8 years,,Driver,Debt consolidation,1
APP-201512-758713,Siddharth Sha,+91 8656783995,siddharth.sha25@example.com,URQPJ3294O,2015-12-01,16350,110000.0,13.28,0.0,3.0,8.0,29.0,4.0,2.0,7652,28.7,42.0,60.0,76.0,0.0,0.0,3.0,26.6,17107.0,13522.0,108174.0,135700.0,23300.0,26700.0,6.0,0.0,1.0,88.5,20.0,205.0,6.0,1.0,1.0,0.0,0.0,4.0,36.0,3.0,17.1,0.1486,0.0696,debt_consolidation,MORTGAGE,Source Verified, 36 months,3 years,,Well Testing Operatorr,Debt consolidation,1
APP-201510-684857,Geetika Raghavan,+91 6717112652,geetika.raghavan92@example.com,TPKPR9788Y,2015-10-01,28000,230000.0,10.89,0.0,1.0,7.0,12.0,0.0,0.0,23530,69.0,,,,0.0,0.0,0.0,77.9,2436.0,4485.0,31393.0,97859.0,11000.0,34100.0,4.0,0.0,0.0,100.0,100.0,130.0,2.0,2.0,0.0,0.0,0.0,3.0,60.0,2.0,13.2,0.1217,0.1023,debt_consolidation,MORTGAGE,Source Verified, 60 months,2 years,,Business Sales lead,Debt consolidation,0
APP-201508-619023,Oviya Krishnan,+91 8712308209,oviya.krishnan90@example.com,GTWPC5539D,2015-08-01,20800,52000.0,35.93,0.0,0.0,10.0,19.0,0.0,0.0,24272,95.6,29.0,,,0.0,0.0,2.0,98.9,264.0,4835.0,48350.0,54191.0,23400.0,25400.0,2.0,0.0,0.0,94.7,100.0,181.0,8.0,,0.0,0.0,0.0,8.0,60.0,10.0,15.2,0.4,0.4668,credit_card,MORTGAGE,Verified, 60 months,10+ years,,craftsman,Credit card refinancing,1
APP-201507-576406,Upma Bahl,+91 6942881649,upma.bahl50@example.com,BONPS5184V,2015-07-01,18475,42000.0,32.29,0.0,2.0,28.0,85.0,0.0,0.0,19863,25.6,79.0,,,0.0,0.0,0.0,30.0,46237.0,3955.0,110742.0,182488.0,66100.0,77500.0,20.0,0.0,0.0,98.8,11.8,115.0,4.0,3.0,0.0,0.0,0.0,5.0,60.0,1.0,10.7,0.4399,0.4729,debt_consolidation,RENT,Verified, 60 months,1 year,,Police Officer,Debt consolidation,1
APP-201508-636510,Inaya Kapur,+91 7283968123,inaya.kapur64@example.com,FPCPQ4014S,2015-08-01,25000,65000.0,23.43,3.0,1.0,11.0,34.0,0.0,0.0,12412,42.1,4.0,,12.0,0.0,0.0,2.0,43.4,14917.0,7756.0,85317.0,101173.0,23200.0,33600.0,2.0,2.0,2.0,93.5,25.0,249.0,4.0,2.0,0.0,1.0,0.0,5.0,60.0,4.0,20.8,0.3846,0.191,debt_consolidation,MORTGAGE,Source Verified, 60 months,4 years,I have been in business for a year and want to eliminate some personal debt and use the remainder of the loan to take care of business expenses. Also lessening the number of trade lines I have open puts me in a better position to pursue business loans since it will be based on my personal credit. A detailed report can be created to show where exactly the funds will go and this can be provided at any time during the course of the loan.,SALES,Debt consolidation,0
APP-201508-626325,Banjeet Balasubramanian,+91 6955321749,banjeet.balasubramanian52@example.com,BMUPX0202C,2015-08-01,13000,95892.0,32.66,0.0,1.0,12.0,22.0,0.0,0.0,48983,63.0,,,,0.0,0.0,4.0,75.1,14996.0,29705.0,356460.0,409372.0,60300.0,77800.0,1.0,0.0,0.0,100.0,71.4,224.0,12.0,1.0,0.0,0.0,0.0,8.0,36.0,10.0,18.7,0.1356,0.5108,other,MORTGAGE,Not Verified, 36 months,10+ years,,Delivery Specialist,Other,0
APP-201507-607132,Ryan Bahri,+91 6797163846,ryan.bahri32@example.com,BIBPB9090N,2015-07-01,6000,24468.0,16.92,1.0,0.0,7.0,21.0,0.0,0.0,3440,41.4,16.0,,,0.0,0.0,0.0,96.8,77.0,1113.0,7794.0,13900.0,2400.0,8300.0,4.0,0.0,0.0,95.2,100.0,205.0,7.0,10.0,0.0,0.0,0.0,5.0,36.0,3.0,17.1,0.2452,0.1406,credit_card,RENT,Source Verified, 36 months,3 years,,home health aid,Credit card refinancing,1
APP-201509-660209,William Date,+91 7292431670,william.date19@example.com,EDQPX6493M,2015-09-01,25000,105000.0,15.99,3.0,0.0,5.0,19.0,1.0,1.0,1847,44.0,18.0,93.0,,0.0,0.0,0.0,91.8,123.0,2362.0,11812.0,22050.0,1500.0,4200.0,2.0,0.0,0.0,78.9,100.0,64.0,10.0,10.0,0.0,0.0,0.0,2.0,60.0,8.0,12.9,0.2381,0.0176,debt_consolidation,MORTGAGE,Not Verified, 60 months,8 years,,COMPRESSOR OPERATOR,Debt consolidation,1
APP-201507-574131,Ishwar Kamdar,+91 8649431082,ishwar.kamdar84@example.com,JRRPR1819M,2015-07-01,22975,74000.0,37.45,0.0,0.0,12.0,39.0,0.0,0.0,11909,69.2,63.0,,,0.0,0.0,0.0,93.8,559.0,7210.0,86519.0,114857.0,9000.0,17200.0,9.0,0.0,0.0,97.4,100.0,95.0,8.0,0.0,0.0,0.0,0.0,4.0,60.0,5.0,7.9,0.3105,0.1609,debt_consolidation,MORTGAGE,Source Verified, 60 months,5 years,,Foreman,Debt consolidation,1
APP-201508-641130,Aahana Pillay,+91 7770530217,aahana.pillay89@example.com,NSFPA7947N,2015-08-01,25000,72000.0,12.7,1.0,1.0,10.0,29.0,0.0,0.0,13019,60.3,23.0,,23.0,0.0,0.0,6.0,62.8,5176.0,27551.0,247963.0,265663.0,13900.0,21600.0,6.0,1.0,3.0,89.7,25.0,137.0,4.0,4.0,0.0,0.0,0.0,4.0,36.0,3.0,13.8,0.3472,0.1808,debt_consolidation,MORTGAGE,Not Verified, 36 months,3 years,,Mechanic,Debt consolidation,0
APP-201511-717485,Ishwar Gade,+91 8218610946,ishwar.gade1@example.com,NVGPL1187B,2015-11-01,22000,80000.0,21.36,0.0,0.0,9.0,24.0,0.0,0.0,26049,60.9,,,,0.0,0.0,2.0,68.2,8821.0,22273.0,200457.0,234206.0,27700.0,42800.0,4.0,0.0,0.0,100.0,75.0,216.0,6.0,12.0,0.0,0.0,0.0,6.0,36.0,8.0,18.2,0.275,0.3256,home_improvement,MORTGAGE,Verified, 36 months,8 years,,Club house manager,Home improvement,0
APP-201511-716636,Hritik Bal,+91 8542678844,hritik.bal97@example.com,VKTPA2054V,2015-11-01,5000,61000.0,37.83,1.0,1.0,12.0,16.0,0.0,0.0,2886,47.0,9.0,,42.0,0.0,0.0,0.0,65.0,800.0,4793.0,57520.0,80727.0,3200.0,6200.0,9.0,0.0,0.0,81.0,50.0,19.0,4.0,2.0,0.0,0.0,0.0,8.0,36.0,3.0,16.7,0.082,0.0473,debt_consolidation,RENT,Verified, 36 months,3 years,,Assistant Manager,Debt consolidation,1
APP-201507-576292,Keya Ranganathan,+91 9269639388,keya.ranganathan99@example.com,SBTPM4577E,2015-07-01,10550,48000.0,5.6,0.0,1.0,7.0,21.0,0.0,0.0,7027,64.5,,,,0.0,0.0,0.0,95.2,248.0,7727.0,54088.0,59465.0,5200.0,10900.0,2.0,0.0,0.0,100.0,100.0,121.0,7.0,0.0,0.0,0.0,0.0,5.0,60.0,1.0,12.8,0.2198,0.1464,debt_consolidation,RENT,Source Verified, 60 months,1 year,,Assembly Manufacturing,Debt consolidation,0
APP-201507-593453,Faqid Kibe,+91 6099104722,faqid.kibe14@example.com,NHVPX5578H,2015-07-01,15000,75000.0,19.65,0.0,0.0,12.0,20.0,0.0,0.0,19191,70.3,,,,0.0,0.0,0.0,77.3,3581.0,4647.0,55758.0,75898.0,15800.0,27300.0,3.0,0.0,0.0,100.0,80.0,111.0,6.0,13.0,0.0,0.0,0.0,5.0,36.0,7.0,10.8,0.2,0.2559,credit_card,RENT,Not Verified, 36 months,7 years,,Business Intelligence Analyst,Credit card refinancing,0
APP-201508-643896,Charvi Dara,+91 9890505735,charvi.dara55@example.com,HDRPH4255X,2015-08-01,12000,36000.0,17.03,0.0,1.0,12.0,21.0,0.0,0.0,7477,34.0,37.0,,37.0,0.0,0.0,0.0,27.3,8796.0,3814.0,45767.0,60622.0,12100.0,22000.0,5.0,0.0,0.0,95.0,16.7,129.0,5.0,5.0,0.0,0.0,0.0,6.0,36.0,1.0,11.1,0.3333,0.2077,credit_card,OWN,Verified, 36 months,1 year,,Environmental Scientist,Credit card refinancing,1
APP-201511-730059,Idika Walia,+91 8047337803,idika.walia29@example.com,XQLPP0363Q,2015-11-01,24000,72000.0,22.62,0.0,0.0,8.0,23.0,1.0,1.0,7385,39.9,,85.0,,0.0,0.0,1.0,7.5,4626.0,7993.0,63947.0,78116.0,5000.0,18500.0,6.0,0.0,0.0,100.0,0.0,150.0,2.0,8.0,0.0,0.0,0.0,4.0,60.0,10.0,12.5,0.3333,0.1026,debt_consolidation,RENT,Verified, 60 months,10+ years,,Switchman,Debt consolidation,1
APP-201512-775015,Kamala Biswas,+91 6358153605,kamala.biswas23@example.com,IKDPM1522W,2015-12-01,28000,85000.0,32.73,1.0,1.0,9.0,16.0,0.0,0.0,31039,51.5,21.0,,,0.0,0.0,0.0,57.6,22543.0,4829.0,43462.0,96958.0,53200.0,60300.0,3.0,0.0,0.0,93.7,25.0,173.0,14.0,0.0,0.0,0.0,0.0,5.0,60.0,9.0,14.5,0.3294,0.3652,credit_card,OWN,Not Verified, 60 months,9 years,,Attorney,Credit card refinancing,0
APP-201511-725763,Advik Salvi,+91 7684095277,advik.salvi90@example.com,DMBPN9512G,2015-11-01,10000,70000.0,13.48,1.0,1.0,9.0,12.0,2.0,0.0,7547,60.4,23.0,30.0,,0.0,0.0,0.0,70.6,2473.0,2881.0,25927.0,33847.0,8400.0,12500.0,7.0,0.0,0.0,83.3,75.0,47.0,0.0,5.0,1.0,0.0,0.0,5.0,36.0,10.0,8.6,0.1429,0.1078,debt_consolidation,RENT,Verified, 36 months,10+ years,,Stewardship Coordinator,Debt consolidation,1
APP-201507-585290,Hitesh Sant,+91 8173497327,hitesh.sant67@example.com,ICLPL0712V,2015-07-01,15000,49179.0,22.28,0.0,0.0,11.0,29.0,0.0,0.0,10384,24.0,,,,0.0,0.0,5.0,26.8,21970.0,15571.0,171283.0,215120.0,30000.0,43200.0,4.0,0.0,0.0,100.0,20.0,214.0,10.0,11.0,0.0,0.0,0.0,5.0,36.0,,17.8,0.305,0.2111,home_improvement,MORTGAGE,Not Verified, 36 months,,,,Home improvement,0
APP-201508-628037,Tripti Dua,+91 9592362342,tripti.dua60@example.com,PBBPZ7754K,2015-08-01,25000,107325.0,19.74,0.0,2.0,11.0,14.0,0.0,0.0,21982,56.5,,,,0.0,0.0,0.0,33.9,10568.0,5204.0,57242.0,78900.0,16000.0,38900.0,10.0,0.0,0.0,100.0,40.0,202.0,2.0,4.0,0.0,0.0,0.0,6.0,60.0,7.0,16.8,0.2329,0.2048,debt_consolidation,RENT,Source Verified, 60 months,7 years,,Federal Service Desk Manager,Debt consolidation,1
APP-201512-754116,Patrick Vig,+91 9602269164,patrick.vig7@example.com,HXFPG9194H,2015-12-01,18000,112000.0,11.93,0.0,0.0,9.0,10.0,0.0,0.0,16257,48.1,,,,0.0,0.0,0.0,48.1,17543.0,4294.0,38647.0,81626.0,33800.0,33800.0,2.0,0.0,0.0,100.0,16.7,85.0,3.0,,0.0,0.0,0.0,5.0,36.0,0.0,7.1,0.1607,0.1452,debt_consolidation,RENT,Not Verified, 36 months,< 1 year,,Project/Product Specialist,Debt consolidation,0
APP-201511-735020,Veda Shroff,+91 6120123666,veda.shroff72@example.com,SSKPH5735L,2015-11-01,25200,87000.0,19.48,0.0,1.0,17.0,30.0,0.0,0.0,41134,50.9,,,,0.0,0.0,4.0,21.1,23919.0,13090.0,222534.0,290300.0,30300.0,80800.0,7.0,0.0,0.0,100.0,0.0,359.0,3.0,4.0,0.0,0.0,0.0,5.0,36.0,10.0,32.0,0.2897,0.4728,debt_consolidation,MORTGAGE,Not Verified, 36 months,10+ years,,Dealer Manager,Debt consolidation,0
APP-201511-713577,Amrita Naidu,+91 6948228268,amrita.naidu32@example.com,IJWPO0948G,2015-11-01,10000,71534.0,19.99,1.0,1.0,29.0,36.0,0.0,0.0,1989,5.3,21.0,,67.0,1.0,0.0,1.0,4.1,11319.0,10173.0,254320.0,314921.0,11800.0,37800.0,11.0,0.0,1.0,94.4,0.0,76.0,3.0,4.0,0.0,0.0,0.0,5.0,36.0,,8.2,0.1398,0.0278,debt_consolidation,RENT,Not Verified, 36 months,,,,Debt consolidation,1
APP-201512-763797,Gabriel Mallick,+91 7585823118,gabriel.mallick16@example.com,JKOPH7055X,2015-12-01,3600,60000.0,19.18,0.0,2.0,13.0,22.0,0.0,0.0,14803,67.6,31.0,,31.0,0.0,0.0,4.0,82.7,2788.0,11676.0,151785.0,193204.0,16100.0,21900.0,5.0,0.0,2.0,86.4,60.0,188.0,4.0,4.0,0.0,0.0,0.0,8.0,36.0,4.0,15.7,0.06,0.2467,debt_consolidation,MORTGAGE,Source Verified, 36 months,4 years,,nurse,Debt consolidation,0
